Date,Predicted_Close
2024-11-04,52647.727
2024-11-01,52752.79
2024-10-31,52428.754
2024-10-30,52344.977
2024-10-29,52301.496
2024-10-28,52427.76
2024-10-25,52730.48
2024-10-24,52533.02
2024-10-23,52132.68
2024-10-22,52152.008
2024-10-21,52161.375
2024-10-18,52169.625
2024-10-17,52428.453
2024-10-16,52667.62
2024-10-15,52482.5
2024-10-14,52474.754
2024-10-11,52558.297
2024-10-10,52600.617
2024-10-09,52373.9
2024-10-08,52325.65
2024-10-07,52148.766
2024-10-04,52030.832
2024-10-03,51773.312
2024-10-01,51965.85
2024-09-30,52311.688
2024-09-27,52927.453
2024-09-26,53323.562
2024-09-25,53802.516
2024-09-24,54288.305
2024-09-23,54468.73
2024-09-20,54477.117
2024-09-19,54530.72
2024-09-18,54491.727
2024-09-17,54200.65
2024-09-16,53903.08
2024-09-13,53548.58
2024-09-12,53338.95
2024-09-11,53174.227
2024-09-10,53019.418
2024-09-09,52631.914
2024-09-06,52443.61
2024-09-05,52309.625
2024-09-04,52025.83
2024-09-03,52147.297
2024-09-02,52257.527
2024-08-30,52400.652
2024-08-29,52370.0
2024-08-28,52269.48
2024-08-27,52122.258
2024-08-26,52031.81
2024-08-23,52049.336
2024-08-22,52034.047
2024-08-21,51933.055
2024-08-20,51873.688
2024-08-19,51736.566
2024-08-16,51686.637
2024-08-14,51513.203
2024-08-13,51441.836
2024-08-12,51124.312
2024-08-09,50926.652
2024-08-08,51122.23
2024-08-07,51277.6
2024-08-06,51211.74
2024-08-05,51095.164
2024-08-02,50876.875
2024-08-01,50866.094
2024-07-31,51387.355
2024-07-30,51870.703
2024-07-29,52106.445
2024-07-26,52151.55
2024-07-25,52110.66
2024-07-24,52051.184
2024-07-23,51885.29
2024-07-22,51949.96
2024-07-19,52224.37
2024-07-18,52614.41
2024-07-16,52841.844
2024-07-15,53060.348
2024-07-12,53100.0
2024-07-11,53119.48
2024-07-10,53077.562
2024-07-09,53056.35
2024-07-08,53032.78
2024-07-05,53170.887
2024-07-04,53232.523
2024-07-03,53336.87
2024-07-02,53568.617
2024-07-01,53718.727
2024-06-28,53439.305
2024-06-27,53349.246
2024-06-26,53268.266
2024-06-25,53411.98
2024-06-24,53560.867
2024-06-21,53537.656
2024-06-20,53144.023
2024-06-19,52831.777
2024-06-18,52732.195
2024-06-14,52584.363
2024-06-13,52123.418
2024-06-12,51619.137
2024-06-11,51261.645
2024-06-10,51104.39
2024-06-07,50969.9
2024-06-06,50897.555
2024-06-05,50849.027
2024-06-04,50608.44
2024-06-03,50320.37
2024-05-31,49336.984
2024-05-30,50150.734
2024-05-29,50262.86
2024-05-28,50012.64
2024-05-27,49688.016
2024-05-24,49735.465
2024-05-23,49908.344
2024-05-22,49909.02
2024-05-21,49780.547
2024-05-18,49302.605
2024-05-17,49060.203
2024-05-16,49047.83
2024-05-15,49063.453
2024-05-14,49011.453
2024-05-13,48840.883
2024-05-10,48773.754
2024-05-09,48716.723
2024-05-08,48555.324
2024-05-07,48459.02
2024-05-06,48620.188
2024-05-03,48866.93
2024-05-02,49246.316
2024-04-30,49487.66
2024-04-29,49702.414
2024-04-26,49884.86
2024-04-25,50003.82
2024-04-24,49608.68
2024-04-23,49401.13
2024-04-22,49239.06
2024-04-19,49093.62
2024-04-18,49000.367
2024-04-16,48821.95
2024-04-15,48501.023
2024-04-12,48435.96
2024-04-10,48563.043
2024-04-09,48967.082
2024-04-08,49396.184
2024-04-05,49520.48
2024-04-04,49451.96
2024-04-03,49344.008
2024-04-02,49130.297
2024-04-01,48838.695
2024-03-28,48640.43
2024-03-27,48571.71
2024-03-26,48389.273
2024-03-22,48120.375
2024-03-21,47867.445
2024-03-20,47821.395
2024-03-19,47765.926
2024-03-18,47571.965
2024-03-15,47440.36
2024-03-14,47443.81
2024-03-13,47475.438
2024-03-12,47561.934
2024-03-11,47685.2
2024-03-07,47870.297
2024-03-06,48001.355
2024-03-05,48255.61
2024-03-04,48480.42
2024-03-02,48457.85
2024-03-01,48349.035
2024-02-29,48224.92
2024-02-28,48167.004
2024-02-27,47719.043
2024-02-26,47319.38
2024-02-23,47351.41
2024-02-22,47470.742
2024-02-21,47630.055
2024-02-20,47746.234
2024-02-19,47822.312
2024-02-16,47875.785
2024-02-15,47685.91
2024-02-14,47467.23
2024-02-13,47282.94
2024-02-12,47076.85
2024-02-09,46801.113
2024-02-08,46387.62
2024-02-07,46401.926
2024-02-06,46269.227
2024-02-05,46448.223
2024-02-02,46556.043
2024-02-01,46631.47
2024-01-31,46707.92
2024-01-30,46830.61
2024-01-29,46837.477
2024-01-25,46574.867
2024-01-24,46397.312
2024-01-23,46110.383
2024-01-20,46012.395
2024-01-19,45979.723
2024-01-18,46372.707
2024-01-17,46547.117
2024-01-16,46577.918
2024-01-15,46687.176
2024-01-12,47569.57
2024-01-11,48263.66
2024-01-10,48422.516
2024-01-09,48286.293
2024-01-08,48144.14
2024-01-05,48061.81
2024-01-04,48143.46
2024-01-03,48518.473
2024-01-02,48815.74
2024-01-01,48770.7
2023-12-29,48687.117
2023-12-28,48824.926
2023-12-27,48990.98
2023-12-26,49177.113
2023-12-22,49198.855
2023-12-21,48962.9
2023-12-20,48689.887
2023-12-19,48673.727
2023-12-18,48583.688
2023-12-15,48673.113
2023-12-14,48754.492
2023-12-13,48891.875
2023-12-12,48814.32
2023-12-11,48471.074
2023-12-08,48219.41
2023-12-07,48190.934
2023-12-06,48209.992
2023-12-05,48060.457
2023-12-04,47919.797
2023-12-01,47903.156
2023-11-30,47696.22
2023-11-29,46910.37
2023-11-28,46193.227
2023-11-24,45840.08
2023-11-23,45465.164
2023-11-22,45176.62
2023-11-21,44926.207
2023-11-20,44710.227
2023-11-17,44655.832
2023-11-16,44596.555
2023-11-15,44533.84
2023-11-13,44699.098
2023-11-12,44851.105
2023-11-10,44800.38
2023-11-09,44755.047
2023-11-08,44667.91
2023-11-07,44564.312
2023-11-06,44499.918
2023-11-03,44510.38
2023-11-02,44492.31
2023-11-01,44358.08
2023-10-31,44136.44
2023-10-30,43869.45
2023-10-27,43765.484
2023-10-26,43823.133
2023-10-25,43789.59
2023-10-23,43539.71
2023-10-20,43546.344
2023-10-19,43738.418
2023-10-18,44109.477
2023-10-17,44363.402
2023-10-16,44518.28
2023-10-13,44783.242
2023-10-12,44899.797
2023-10-11,44964.742
2023-10-10,45124.906
2023-10-09,45225.027
2023-10-06,45219.53
2023-10-05,45019.98
2023-10-04,45055.188
2023-10-03,45091.156
2023-09-29,45019.527
2023-09-28,45118.04
2023-09-27,45287.9
2023-09-26,45288.207
2023-09-25,45351.547
2023-09-22,45417.703
2023-09-21,45512.832
2023-09-20,45515.64
2023-09-18,45500.676
2023-09-15,45785.652
2023-09-14,46254.625
2023-09-13,46656.074
2023-09-12,46769.8
2023-09-11,46733.91
2023-09-08,46543.973
2023-09-07,46447.152
2023-09-06,46278.414
2023-09-05,46071.0
2023-09-04,45768.973
2023-09-01,45622.01
2023-08-31,45591.54
2023-08-30,45536.71
2023-08-29,45309.89
2023-08-28,45216.38
2023-08-25,45288.68
2023-08-24,45359.56
2023-08-23,45282.277
2023-08-22,45291.91
2023-08-21,45308.89
2023-08-18,45131.07
2023-08-17,44983.3
2023-08-16,44852.11
2023-08-14,44799.613
2023-08-11,44808.555
2023-08-10,44878.723
2023-08-09,44967.504
2023-08-08,45147.34
2023-08-07,45397.645
2023-08-04,45585.332
2023-08-03,45626.137
2023-08-02,45635.332
2023-08-01,45504.965
2023-07-31,45597.168
2023-07-28,45948.39
2023-07-27,46236.574
2023-07-26,46308.03
2023-07-25,46377.844
2023-07-24,46576.42
2023-07-21,46649.67
2023-07-20,46699.594
2023-07-19,46790.613
2023-07-18,46905.684
2023-07-17,46785.285
2023-07-14,46567.473
2023-07-13,46445.516
2023-07-12,46168.266
2023-07-11,45915.598
2023-07-10,45766.61
2023-07-07,45742.152
2023-07-06,45789.773
2023-07-05,45840.5
2023-07-04,46011.633
2023-07-03,46051.723
2023-06-30,46089.74
2023-06-28,46052.957
2023-06-27,45858.746
2023-06-26,45554.426
2023-06-23,45283.523
2023-06-22,44960.508
2023-06-21,44756.63
2023-06-20,44703.824
2023-06-19,44750.375
2023-06-16,44746.355
2023-06-15,44660.566
2023-06-14,44695.785
2023-06-13,44549.156
2023-06-12,44624.836
2023-06-09,44757.836
2023-06-08,44790.844
2023-06-07,44796.418
2023-06-06,44796.086
2023-06-05,44907.426
2023-06-02,44960.223
2023-06-01,44953.258
2023-05-31,44874.742
2023-05-30,44761.89
2023-05-29,44826.965
2023-05-26,45032.754
2023-05-25,45133.926
2023-05-24,45045.64
2023-05-23,44818.797
2023-05-22,44662.055
2023-05-19,44707.35
2023-05-18,44759.902
2023-05-17,44816.906
2023-05-16,44758.086
2023-05-15,44670.094
2023-05-12,44691.875
2023-05-11,44798.152
2023-05-10,44769.176
2023-05-09,44591.47
2023-05-08,44398.03
2023-05-05,44238.117
2023-05-04,44191.836
2023-05-03,43951.42
2023-05-02,44153.125
2023-04-28,44229.62
2023-04-27,44242.17
2023-04-26,44176.3
2023-04-25,44027.082
2023-04-24,43857.527
2023-04-21,43701.42
2023-04-20,43601.5
2023-04-19,43357.14
2023-04-18,43233.63
2023-04-17,43145.223
2023-04-13,43138.883
2023-04-12,43144.164
2023-04-11,43088.035
2023-04-10,42808.574
2023-04-06,42512.91
2023-04-05,42136.066
2023-04-03,41979.32
2023-03-31,41927.637
2023-03-29,41840.07
2023-03-28,41682.977
2023-03-27,41289.89
2023-03-24,40860.586
2023-03-23,40548.426
2023-03-22,40381.97
2023-03-21,40398.562
2023-03-20,40586.02
2023-03-17,40674.75
2023-03-16,40470.508
2023-03-15,40357.316
2023-03-14,40140.113
2023-03-13,39959.832
2023-03-10,40009.375
2023-03-09,40159.324
2023-03-08,40623.992
2023-03-06,41264.95
2023-03-03,41788.35
2023-03-02,41959.285
2023-03-01,41937.11
2023-02-28,41568.86
2023-02-27,41422.754
2023-02-24,41266.285
2023-02-23,41207.11
2023-02-22,41049.656
2023-02-21,40966.164
2023-02-20,40931.082
2023-02-17,41179.82
2023-02-16,41396.688
2023-02-15,41663.234
2023-02-14,42012.0
2023-02-13,42266.438
2023-02-10,42355.04
2023-02-09,42229.473
2023-02-08,42227.53
2023-02-07,42278.125
2023-02-06,42327.734
2023-02-03,42343.336
2023-02-02,42301.645
2023-02-01,42314.812
2023-01-31,42018.2
2023-01-30,41708.34
2023-01-27,41587.582
2023-01-25,41466.742
2023-01-24,41371.598
2023-01-23,41817.734
2023-01-20,42625.01
2023-01-19,43182.992
2023-01-18,43287.355
2023-01-17,43162.945
2023-01-16,43110.832
2023-01-13,43048.3
2023-01-12,43009.418
2023-01-11,43088.016
2023-01-10,43059.29
2023-01-09,43075.07
2023-01-06,43012.434
2023-01-05,43177.297
2023-01-04,43176.64
2023-01-03,43291.566
2023-01-02,43520.574
2022-12-30,43859.32
2022-12-29,43988.82
2022-12-28,43923.83
2022-12-27,43949.152
2022-12-26,43838.312
2022-12-23,43765.047
2022-12-22,43653.727
2022-12-21,43215.09
2022-12-20,43168.414
2022-12-19,43328.71
2022-12-16,43751.49
2022-12-15,44057.87
2022-12-14,44105.742
2022-12-13,44168.363
2022-12-12,44430.094
2022-12-09,44600.445
2022-12-08,44588.19
2022-12-07,44515.34
2022-12-06,44459.965
2022-12-05,44255.688
2022-12-02,44126.96
2022-12-01,44155.246
2022-11-30,44123.312
2022-11-29,44142.887
2022-11-28,44147.99
2022-11-25,44072.023
2022-11-24,43990.43
2022-11-23,43926.625
2022-11-22,43928.742
2022-11-21,43809.613
2022-11-18,43600.957
2022-11-17,43414.363
2022-11-16,43348.7
2022-11-15,43346.863
2022-11-14,43382.723
2022-11-11,43338.273
2022-11-10,43168.28
2022-11-09,43058.027
2022-11-07,42804.68
2022-11-04,42691.0
2022-11-03,42623.668
2022-11-02,42425.258
2022-11-01,42283.633
2022-10-31,42152.613
2022-10-28,42129.04
2022-10-27,42142.11
2022-10-25,42025.38
2022-10-24,42034.812
2022-10-21,42000.703
2022-10-20,42036.098
2022-10-19,41868.863
2022-10-18,41452.848
2022-10-17,41257.703
2022-10-14,41191.043
2022-10-13,41029.2
2022-10-12,40660.676
2022-10-11,40120.305
2022-10-10,39950.086
2022-10-07,39791.47
2022-10-06,39833.406
2022-10-04,39922.63
2022-10-03,40004.375
2022-09-30,39963.32
2022-09-29,39476.836
2022-09-28,39309.582
2022-09-27,38929.2
2022-09-26,38695.438
2022-09-23,38832.45
2022-09-22,39105.086
2022-09-21,39642.38
2022-09-20,40427.047
2022-09-19,41147.53
2022-09-16,41634.21
2022-09-15,41638.863
2022-09-14,41497.42
2022-09-13,41593.83
2022-09-12,41833.02
2022-09-09,41825.426
2022-09-08,41653.56
2022-09-07,41465.926
2022-09-06,41290.258
2022-09-05,40909.984
2022-09-02,40719.184
2022-09-01,40712.664
2022-08-30,40596.73
2022-08-29,40433.36
2022-08-26,40401.188
2022-08-25,39916.254
2022-08-24,39776.367
2022-08-23,39771.637
2022-08-22,39827.035
2022-08-19,39722.273
2022-08-18,39446.418
2022-08-17,39501.9
2022-08-16,39885.836
2022-08-12,40108.062
2022-08-11,40088.45
2022-08-10,39931.684
2022-08-08,39752.445
2022-08-05,39428.58
2022-08-04,39194.863
2022-08-03,38970.066
2022-08-02,38778.645
2022-08-01,38761.99
2022-07-29,38803.516
2022-07-28,38780.31
2022-07-27,38573.44
2022-07-26,38350.88
2022-07-25,37985.703
2022-07-22,37588.285
2022-07-21,37472.035
2022-07-20,37484.03
2022-07-19,37300.254
2022-07-18,37029.95
2022-07-15,36740.16
2022-07-14,36420.125
2022-07-13,35956.3
2022-07-12,35625.3
2022-07-11,35532.74
2022-07-08,35652.785
2022-07-07,35893.0
2022-07-06,35905.465
2022-07-05,35749.3
2022-07-04,35374.887
2022-07-01,34903.81
2022-06-30,34661.656
2022-06-29,34438.375
2022-06-28,34263.297
2022-06-27,34103.56
2022-06-24,34148.152
2022-06-23,34287.438
2022-06-22,34307.617
2022-06-21,34078.14
2022-06-20,33754.87
2022-06-17,33680.96
2022-06-16,33519.945
2022-06-15,33419.395
2022-06-14,33325.285
2022-06-13,33550.504
2022-06-10,33758.605
2022-06-09,33898.73
2022-06-08,34378.06
2022-06-07,34992.918
2022-06-06,35328.117
2022-06-03,35462.902
2022-06-02,35625.902
2022-06-01,35742.773
2022-05-31,35955.83
2022-05-30,36130.746
2022-05-27,36184.016
2022-05-26,36327.18
2022-05-25,36365.98
2022-05-24,36165.586
2022-05-23,35696.395
2022-05-20,35339.496
2022-05-19,35159.246
2022-05-18,35115.215
2022-05-17,34738.457
2022-05-16,34732.12
2022-05-13,34878.098
2022-05-12,34709.46
2022-05-11,34311.31
2022-05-10,34164.24
2022-05-09,34608.934
2022-05-06,34945.94
2022-05-05,35002.26
2022-05-04,35064.977
2022-05-02,35361.227
2022-04-29,35621.71
2022-04-28,36120.785
2022-04-27,36453.133
2022-04-26,36735.22
2022-04-25,36744.234
2022-04-22,36841.73
2022-04-21,36823.54
2022-04-20,36786.934
2022-04-19,37080.49
2022-04-18,37157.684
2022-04-13,37151.594
2022-04-12,37280.207
2022-04-11,37687.47
2022-04-08,38111.63
2022-04-07,38300.527
2022-04-06,38396.863
2022-04-05,38361.625
2022-04-04,38351.0
2022-04-01,38538.77
2022-03-31,38935.02
2022-03-30,38639.36
2022-03-29,37977.19
2022-03-28,37492.074
2022-03-25,37092.71
2022-03-24,36834.426
2022-03-23,36593.367
2022-03-22,36479.63
2022-03-21,36665.98
2022-03-17,36909.434
2022-03-16,36905.285
2022-03-15,36971.156
2022-03-14,36757.035
2022-03-11,36271.633
2022-03-10,36034.004
2022-03-09,35681.004
2022-03-08,35414.574
2022-03-07,35022.074
2022-03-04,34490.79
2022-03-03,34018.047
2022-03-02,34351.004
2022-02-28,34976.473
2022-02-25,35550.086
2022-02-24,36156.105
2022-02-23,36586.098
2022-02-22,36313.84
2022-02-21,36831.12
2022-02-18,37385.934
2022-02-17,37856.645
2022-02-16,38082.133
2022-02-15,38139.613
2022-02-14,38323.13
2022-02-11,38580.887
2022-02-10,38279.05
2022-02-09,38596.195
2022-02-08,39166.953
2022-02-07,39407.395
2022-02-04,39220.664
2022-02-03,38991.93
2022-02-02,39180.203
2022-02-01,39505.625
2022-01-31,39851.26
2022-01-28,39722.04
2022-01-27,39310.234
2022-01-25,38897.29
2022-01-24,38790.29
2022-01-21,38713.055
2022-01-20,38370.176
2022-01-19,38325.977
2022-01-18,38481.266
2022-01-17,38682.227
2022-01-14,38853.19
2022-01-13,38928.14
2022-01-12,38997.668
2022-01-11,39076.465
2022-01-10,39230.176
2022-01-07,39232.938
2022-01-06,39161.766
2022-01-05,38873.094
2022-01-04,38561.438
2022-01-03,38467.516
2021-12-31,38146.504
2021-12-30,37729.285
2021-12-29,37090.56
2021-12-28,36489.258
2021-12-27,36135.855
2021-12-24,36039.676
2021-12-23,35978.77
2021-12-22,35837.676
2021-12-21,35831.477
2021-12-20,35781.59
2021-12-17,35557.297
2021-12-16,35300.54
2021-12-15,35602.74
2021-12-14,36305.254
2021-12-13,36901.17
2021-12-10,37234.19
2021-12-09,37363.965
2021-12-08,37473.87
2021-12-07,37554.15
2021-12-06,37701.754
2021-12-03,37569.887
2021-12-02,37091.51
2021-12-01,36918.03
2021-11-30,37047.824
2021-11-29,37155.066
2021-11-26,36934.914
2021-11-25,36812.79
2021-11-24,36787.766
2021-11-23,37322.92
2021-11-22,37807.973
2021-11-18,37983.246
2021-11-17,37930.76
2021-11-16,38178.977
2021-11-15,38449.855
2021-11-12,38725.727
2021-11-11,39047.62
2021-11-10,39266.215
2021-11-09,39306.703
2021-11-08,39478.36
2021-11-04,39767.3
2021-11-03,40004.934
2021-11-02,40187.38
2021-11-01,40218.883
2021-10-29,40417.96
2021-10-28,40522.742
2021-10-27,40313.664
2021-10-26,40271.168
2021-10-25,40839.508
2021-10-22,41473.54
2021-10-21,41816.59
2021-10-20,41586.316
2021-10-19,41201.43
2021-10-18,40770.98
2021-10-14,40548.3
2021-10-13,40546.52
2021-10-12,40466.56
2021-10-11,40108.344
2021-10-08,39766.87
2021-10-07,39478.594
2021-10-06,39116.08
2021-10-05,38862.15
2021-10-04,38638.492
2021-10-01,38582.484
2021-09-30,38511.39
2021-09-29,38304.66
2021-09-28,38206.656
2021-09-27,38294.08
2021-09-24,38464.367
2021-09-23,38660.367
2021-09-22,38636.113
2021-09-21,38535.684
2021-09-20,38142.61
2021-09-17,37960.516
2021-09-16,37894.25
2021-09-15,38153.02
2021-09-14,38329.3
2021-09-13,38074.74
2021-09-09,37709.27
2021-09-08,37421.42
2021-09-07,37370.19
2021-09-06,37441.254
2021-09-03,37388.055
2021-09-02,37356.043
2021-09-01,37401.434
2021-08-31,37471.582
2021-08-30,37412.777
2021-08-27,37280.7
2021-08-26,37155.965
2021-08-25,36809.703
2021-08-24,36545.184
2021-08-23,36407.168
2021-08-20,36410.25
2021-08-18,36211.773
2021-08-17,35989.43
2021-08-16,36049.637
2021-08-13,36282.2
2021-08-12,36540.52
2021-08-11,36710.336
2021-08-10,36683.85
2021-08-09,36564.477
2021-08-06,36570.305
2021-08-05,36620.945
2021-08-04,36583.793
2021-08-03,36550.59
2021-08-02,36612.848
2021-07-30,36358.473
2021-07-29,35927.926
2021-07-28,35585.246
2021-07-27,35460.76
2021-07-26,35386.53
2021-07-23,35446.242
2021-07-22,35561.133
2021-07-20,35658.383
2021-07-19,35555.145
2021-07-16,35328.145
2021-07-15,35423.188
2021-07-14,35841.684
2021-07-13,36231.61
2021-07-12,36341.25
2021-07-09,36324.31
2021-07-08,36105.77
2021-07-07,35891.27
2021-07-06,35867.1
2021-07-05,36115.434
2021-07-02,36260.938
2021-07-01,36162.29
2021-06-30,35875.17
2021-06-29,35612.117
2021-06-28,35510.434
2021-06-25,35594.176
2021-06-24,35825.45
2021-06-23,35988.773
2021-06-22,35838.37
2021-06-21,35557.082
2021-06-18,35429.965
2021-06-17,35459.48
2021-06-16,35398.797
2021-06-15,35348.51
2021-06-14,35473.4
2021-06-11,35687.934
2021-06-10,35713.047
2021-06-09,35704.69
2021-06-08,35725.934
2021-06-07,35623.355
2021-06-04,35644.92
2021-06-03,35840.11
2021-06-02,35944.2
2021-06-01,36114.75
2021-05-31,36124.62
2021-05-28,36072.734
2021-05-27,36107.11
2021-05-26,36009.742
2021-05-25,35902.223
2021-05-24,35681.734
2021-05-21,35516.297
2021-05-20,35548.766
2021-05-19,35489.535
2021-05-18,34921.934
2021-05-17,34573.23
2021-05-14,34531.562
2021-05-12,34409.85
2021-05-11,33792.78
2021-05-10,33379.785
2021-05-07,33360.37
2021-05-06,33560.4
2021-05-05,33620.695
2021-05-04,33556.156
2021-05-03,33450.1
2021-04-30,33172.227
2021-04-29,33037.28
2021-04-28,33130.625
2021-04-27,33619.527
2021-04-26,34013.27
2021-04-23,33810.02
2021-04-22,33336.66
2021-04-20,32786.766
2021-04-19,32491.646
2021-04-16,32149.682
2021-04-15,31969.361
2021-04-13,32204.295
2021-04-12,32501.564
2021-04-09,32530.479
2021-04-08,32063.408
2021-04-07,32287.854
2021-04-06,32772.63
2021-04-05,33204.56
2021-04-01,33231.92
2021-03-31,33197.375
2021-03-30,33641.43
2021-03-26,33840.8
2021-03-25,34114.387
2021-03-24,34087.188
2021-03-23,33875.375
2021-03-22,33830.97
2021-03-19,34226.105
2021-03-18,34362.92
2021-03-17,34578.508
2021-03-16,34606.945
2021-03-15,34718.56
2021-03-12,35042.035
2021-03-10,35444.7
2021-03-09,35822.473
2021-03-08,36207.062
2021-03-05,36407.887
2021-03-04,36251.902
2021-03-03,36061.418
2021-03-02,36192.84
2021-03-01,36603.0
2021-02-26,36547.66
2021-02-25,36328.727
2021-02-24,35970.227
2021-02-23,36418.3
2021-02-22,36876.266
2021-02-19,36599.33
2021-02-18,36271.453
2021-02-17,36306.36
2021-02-16,36735.88
2021-02-15,37216.69
2021-02-12,37562.586
2021-02-11,37793.79
2021-02-10,37430.047
2021-02-09,36930.605
2021-02-08,36643.633
2021-02-05,36669.07
2021-02-04,36748.062
2021-02-03,36666.016
2021-02-02,36435.94
2021-02-01,36023.895
2021-01-29,35539.03
2021-01-28,34777.457
2021-01-27,33275.457
2021-01-25,32082.635
2021-01-22,31441.227
2021-01-21,31562.055
2021-01-20,31794.588
2021-01-19,32285.162
2021-01-18,32722.902
2021-01-15,32866.625
2021-01-14,32601.346
2021-01-13,32502.133
2021-01-12,32626.242
2021-01-11,32805.5
2021-01-08,32842.066
2021-01-07,32695.584
2021-01-06,32603.281
2021-01-05,32533.297
2021-01-04,32449.418
2021-01-01,32373.436
2020-12-31,32135.734
2020-12-30,31954.93
2020-12-29,31884.28
2020-12-28,31889.46
2020-12-24,31914.781
2020-12-23,31752.277
2020-12-22,31405.348
2020-12-21,30942.822
2020-12-18,30538.52
2020-12-17,30253.494
2020-12-16,30609.281
2020-12-15,31050.262
2020-12-14,31240.336
2020-12-11,31247.436
2020-12-10,31214.041
2020-12-09,31136.18
2020-12-08,31051.896
2020-12-07,31089.959
2020-12-04,30982.123
2020-12-03,30857.596
2020-12-02,30722.348
2020-12-01,30407.475
2020-11-27,30174.371
2020-11-26,30204.207
2020-11-25,30216.477
2020-11-24,30180.58
2020-11-23,29994.432
2020-11-20,30044.145
2020-11-19,29865.184
2020-11-18,29765.285
2020-11-17,29600.193
2020-11-14,29813.006
2020-11-13,29828.762
2020-11-12,29535.486
2020-11-11,29214.89
2020-11-10,28952.688
2020-11-09,29043.523
2020-11-06,29110.85
2020-11-05,28708.904
2020-11-04,28029.475
2020-11-03,27356.383
2020-11-02,26757.004
2020-10-30,26387.604
2020-10-29,25920.89
2020-10-28,25201.627
2020-10-27,24740.547
2020-10-26,24588.068
2020-10-23,24781.002
2020-10-22,24700.973
2020-10-21,24684.947
2020-10-20,24682.818
2020-10-19,24735.764
2020-10-16,24654.879
2020-10-15,24545.623
2020-10-14,24193.238
2020-10-13,23734.316
2020-10-12,23752.602
2020-10-09,23783.246
2020-10-08,23882.174
2020-10-07,24007.336
2020-10-06,23827.236
2020-10-05,23528.71
2020-10-01,23277.354
2020-09-30,22965.17
2020-09-29,22713.297
2020-09-28,22275.785
2020-09-25,21931.262
2020-09-24,21852.66
2020-09-23,21620.146
2020-09-22,21206.469
2020-09-21,21165.492
2020-09-18,21246.611
2020-09-17,21406.143
2020-09-16,21769.58
2020-09-15,22154.168
2020-09-14,22476.922
2020-09-11,22603.117
2020-09-10,22478.645
2020-09-09,22487.58
2020-09-08,22557.055
2020-09-07,22556.135
2020-09-04,22728.48
2020-09-03,22976.656
2020-09-02,23176.848
2020-09-01,23483.527
2020-08-31,23839.076
2020-08-28,24043.133
2020-08-27,24095.758
2020-08-26,24390.484
2020-08-25,24297.855
2020-08-24,24050.328
2020-08-21,23743.896
2020-08-20,23456.904
2020-08-19,23093.924
2020-08-18,22735.473
2020-08-17,22629.479
2020-08-14,22595.28
2020-08-13,22394.459
2020-08-12,22188.922
2020-08-11,22252.893
2020-08-10,22396.14
2020-08-07,22474.896
2020-08-06,22357.945
2020-08-05,22160.117
2020-08-04,21975.625
2020-08-03,21824.303
2020-07-31,21740.553
2020-07-30,21550.447
2020-07-29,21618.545
2020-07-28,21748.406
2020-07-27,22004.928
2020-07-24,22203.0
2020-07-23,22193.98
2020-07-22,22438.055
2020-07-21,22843.316
2020-07-20,23060.082
2020-07-17,23087.812
2020-07-16,22874.125
2020-07-15,22547.062
2020-07-14,22191.926
2020-07-13,21887.23
2020-07-10,21749.678
2020-07-09,21993.408
2020-07-08,22375.146
2020-07-07,22822.707
2020-07-06,22962.252
2020-07-03,22947.86
2020-07-02,22727.318
2020-07-01,22405.916
2020-06-30,22236.182
2020-06-29,22208.41
2020-06-26,22004.408
2020-06-25,21812.713
2020-06-24,21791.135
2020-06-23,21797.375
2020-06-22,21768.125
2020-06-19,22055.541
2020-06-18,22108.438
2020-06-17,21904.016
2020-06-16,21548.213
2020-06-15,21002.51
2020-06-12,20657.834
2020-06-11,20380.266
2020-06-10,20518.879
2020-06-09,20681.697
2020-06-08,20985.943
2020-06-05,21049.973
2020-06-04,21172.365
2020-06-03,21206.309
2020-06-02,20948.936
2020-06-01,20918.162
2020-05-29,20833.086
2020-05-28,20546.74
2020-05-27,20055.258
2020-05-26,19648.584
2020-05-22,19264.281
2020-05-21,18550.525
2020-05-20,17934.838
2020-05-19,17769.44
2020-05-18,17854.61
2020-05-15,17824.111
2020-05-14,17764.74
2020-05-13,18187.744
2020-05-12,18687.64
2020-05-11,19210.973
2020-05-08,19218.73
2020-05-07,19082.041
2020-05-06,19132.053
2020-05-05,19307.54
2020-05-04,19550.145
2020-04-30,19562.986
2020-04-29,19682.93
2020-04-28,20507.709
2020-04-27,21070.912
2020-04-24,21139.424
2020-04-23,20792.137
2020-04-22,20279.297
2020-04-21,20211.424
2020-04-20,20128.541
2020-04-17,19958.15
2020-04-16,20252.791
2020-04-15,20644.244
2020-04-13,20390.11
2020-04-09,19870.346
2020-04-08,19642.62
2020-04-07,19784.066
2020-04-03,19614.916
2020-04-01,19433.254
2020-03-31,18618.803
2020-03-30,18271.51
2020-03-27,18600.797
2020-03-26,18879.316
2020-03-25,19454.895
2020-03-24,19739.18
2020-03-23,19350.066
2020-03-20,18363.35
2020-03-19,17514.715
2020-03-18,18403.775
2020-03-17,19469.764
2020-03-16,20300.652
2020-03-13,21296.361
2020-03-12,22306.07
2020-03-11,23729.307
2020-03-09,24239.098
2020-03-06,25259.668
2020-03-05,26069.318
2020-03-04,27049.191
2020-03-03,28126.027
2020-03-02,28759.162
2020-02-28,29237.746
2020-02-27,29399.191
2020-02-26,29556.184
2020-02-25,30104.373
2020-02-24,30624.63
2020-02-20,30978.637
2020-02-19,31149.984
2020-02-18,31397.479
2020-02-17,31536.934
2020-02-14,31484.605
2020-02-13,31448.46
2020-02-12,31499.709
2020-02-11,31712.348
2020-02-10,31981.59
2020-02-07,32066.95
2020-02-06,31955.088
2020-02-05,31884.508
2020-02-04,31899.746
2020-02-03,31816.28
2020-02-01,31609.521
2020-01-31,31189.11
2020-01-30,30797.488
2020-01-29,30973.393
2020-01-28,31169.988
2020-01-27,31354.203
2020-01-24,31389.53
2020-01-23,31382.037
2020-01-22,31521.809
2020-01-21,31557.047
2020-01-20,31427.453
2020-01-17,31403.105
2020-01-16,31482.47
2020-01-15,31765.09
2020-01-14,32093.777
2020-01-13,32282.008
2020-01-10,32445.172
2020-01-09,32581.996
2020-01-08,32633.408
2020-01-07,32648.186
2020-01-06,32377.705
2020-01-03,32157.004
2020-01-02,31994.469
2020-01-01,32250.572
2019-12-31,32670.67
2019-12-30,32811.867
2019-12-27,32817.75
2019-12-26,32856.477
2019-12-24,32919.383
2019-12-23,32807.234
2019-12-20,32805.746
2019-12-19,32868.742
2019-12-18,32944.93
2019-12-17,32935.355
2019-12-16,32903.984
2019-12-13,32840.035
2019-12-12,32730.027
2019-12-11,32669.371
2019-12-10,32512.965
2019-12-09,32231.002
2019-12-06,31989.416
2019-12-05,31921.021
2019-12-04,31937.65
2019-12-03,32105.756
2019-12-02,32339.154
2019-11-29,32335.734
2019-11-28,32354.602
2019-11-27,32404.26
2019-11-26,32516.854
2019-11-25,32508.07
2019-11-22,32407.963
2019-11-21,32265.6
2019-11-20,32004.592
2019-11-19,31916.312
2019-11-18,31923.533
2019-11-15,31906.275
2019-11-14,31784.252
2019-11-13,31680.836
2019-11-11,31521.979
2019-11-08,31327.363
2019-11-07,31424.812
2019-11-06,31423.033
2019-11-05,31334.277
2019-11-04,31239.746
2019-11-01,31028.424
2019-10-31,30912.604
2019-10-30,30874.04
2019-10-29,30767.986
2019-10-27,30647.865
2019-10-25,30524.264
2019-10-24,30307.871
2019-10-23,30101.895
2019-10-22,29869.744
2019-10-18,29859.246
2019-10-17,29897.318
2019-10-16,29808.096
2019-10-15,29653.873
2019-10-14,29362.88
2019-10-11,29155.045
2019-10-10,28914.607
2019-10-09,28705.041
2019-10-07,28574.936
2019-10-04,28819.031
2019-10-03,28668.938
2019-10-01,28425.49
2019-09-30,28518.557
2019-09-27,28804.324
2019-09-26,29172.408
2019-09-25,29707.936
2019-09-24,30115.686
2019-09-23,30148.922
2019-09-20,30300.973
2019-09-19,30604.0
2019-09-18,30226.322
2019-09-17,28951.625
2019-09-16,28106.75
2019-09-13,27765.746
2019-09-12,28012.22
2019-09-11,28409.463
2019-09-09,28529.363
2019-09-06,28454.406
2019-09-05,28224.492
2019-09-04,27936.498
2019-09-03,27623.41
2019-08-30,27513.352
2019-08-29,27395.494
2019-08-28,27551.105
2019-08-27,27672.164
2019-08-26,27913.996
2019-08-23,28212.502
2019-08-22,28330.775
2019-08-21,27954.695
2019-08-20,27618.062
2019-08-19,27724.21
2019-08-16,28046.164
2019-08-14,28377.521
2019-08-13,28575.346
2019-08-09,28566.979
2019-08-08,28389.47
2019-08-07,28521.465
2019-08-06,28585.361
2019-08-05,28443.797
2019-08-02,28424.492
2019-08-01,28312.736
2019-07-31,28437.752
2019-07-30,28650.432
2019-07-29,28995.709
2019-07-26,29197.717
2019-07-25,29463.53
2019-07-24,29653.375
2019-07-23,29635.537
2019-07-22,29535.715
2019-07-19,29536.97
2019-07-18,29645.447
2019-07-17,29939.781
2019-07-16,30429.668
2019-07-15,30890.127
2019-07-12,31077.84
2019-07-11,31058.275
2019-07-10,31061.217
2019-07-09,31136.781
2019-07-08,31142.799
2019-07-05,31152.54
2019-07-04,31180.014
2019-07-03,31548.629
2019-07-02,31865.334
2019-07-01,31989.525
2019-06-28,31962.023
2019-06-27,31942.56
2019-06-26,31840.893
2019-06-25,31830.111
2019-06-24,31815.969
2019-06-21,31683.805
2019-06-20,31473.42
2019-06-19,31336.967
2019-06-18,31338.965
2019-06-17,31211.895
2019-06-14,31082.584
2019-06-13,30968.477
2019-06-12,31033.52
2019-06-11,31260.805
2019-06-10,31426.459
2019-06-07,31609.604
2019-06-06,31625.795
2019-06-04,31598.537
2019-06-03,31495.988
2019-05-31,31711.02
2019-05-30,31967.031
2019-05-29,32017.164
2019-05-28,32047.12
2019-05-27,31971.615
2019-05-24,32023.86
2019-05-23,32121.89
2019-05-22,32025.338
2019-05-21,31597.463
2019-05-20,31298.688
2019-05-17,31088.578
2019-05-16,31169.547
2019-05-15,30783.615
2019-05-14,30165.027
2019-05-13,29631.135
2019-05-10,29424.652
2019-05-09,29327.867
2019-05-08,29428.082
2019-05-07,29458.729
2019-05-06,29471.033
2019-05-03,29571.422
2019-05-02,29778.898
2019-04-30,30059.887
2019-04-26,30146.447
2019-04-25,30160.695
2019-04-24,30256.457
2019-04-23,30175.133
2019-04-22,30202.64
2019-04-18,30117.025
2019-04-16,30122.492
2019-04-15,30372.674
2019-04-12,30718.117
2019-04-11,30775.178
2019-04-10,30652.04
2019-04-09,30474.127
2019-04-08,30373.998
2019-04-05,30471.812
2019-04-04,30486.973
2019-04-03,30558.553
2019-04-02,30543.596
2019-04-01,30578.807
2019-03-29,30716.936
2019-03-28,30816.756
2019-03-27,30899.344
2019-03-26,30939.559
2019-03-25,30795.246
2019-03-22,30605.156
2019-03-20,30253.408
2019-03-19,30121.396
2019-03-18,30214.715
2019-03-15,30306.43
2019-03-14,30276.703
2019-03-13,30125.986
2019-03-12,29816.992
2019-03-11,29572.197
2019-03-08,29279.2
2019-03-07,28903.002
2019-03-06,28570.135
2019-03-05,28382.193
2019-03-01,28251.508
2019-02-28,28147.121
2019-02-27,27876.668
2019-02-26,27550.373
2019-02-25,27335.85
2019-02-22,27298.896
2019-02-21,27404.043
2019-02-20,27381.68
2019-02-19,27386.021
2019-02-18,27354.16
2019-02-15,27216.348
2019-02-14,27091.36
2019-02-13,27082.22
2019-02-12,27186.871
2019-02-11,27250.328
2019-02-08,27320.434
2019-02-07,27449.4
2019-02-06,27572.26
2019-02-05,27681.11
2019-02-04,27750.773
2019-02-01,27734.19
2019-01-31,27671.719
2019-01-30,27590.588
2019-01-29,27627.523
2019-01-28,27508.22
2019-01-25,27289.717
2019-01-24,27163.213
2019-01-23,27302.033
2019-01-22,27523.871
2019-01-21,27661.496
2019-01-18,27795.248
2019-01-17,27889.336
2019-01-16,27902.688
2019-01-15,27917.672
2019-01-14,27916.701
2019-01-11,27885.041
2019-01-10,27802.424
2019-01-09,27822.957
2019-01-08,27900.824
2019-01-07,28038.836
2019-01-04,28052.758
2019-01-03,27938.309
2019-01-02,27789.854
2019-01-01,27605.404
2018-12-31,27573.293
2018-12-28,27689.332
2018-12-27,27707.174
2018-12-26,27662.785
2018-12-24,27516.008
2018-12-21,27438.791
2018-12-20,27310.84
2018-12-19,27278.244
2018-12-18,27446.842
2018-12-17,27613.654
2018-12-14,27652.498
2018-12-13,27567.158
2018-12-12,27405.797
2018-12-11,27289.848
2018-12-10,27175.521
2018-12-07,26923.281
2018-12-06,26706.256
2018-12-05,26782.816
2018-12-04,26763.36
2018-12-03,26833.297
2018-11-30,26962.887
2018-11-29,27114.398
2018-11-28,27206.287
2018-11-27,27268.84
2018-11-26,27110.447
2018-11-22,26946.898
2018-11-21,26830.033
2018-11-20,26640.953
2018-11-19,26611.258
2018-11-16,26587.701
2018-11-15,26643.025
2018-11-14,26672.738
2018-11-13,26639.14
2018-11-12,26506.988
2018-11-09,26333.78
2018-11-07,26131.273
2018-11-06,26094.23
2018-11-05,26112.373
2018-11-02,26078.973
2018-11-01,26087.02
2018-10-31,26088.57
2018-10-30,25935.422
2018-10-29,25726.314
2018-10-26,25452.693
2018-10-25,25331.697
2018-10-24,25100.744
2018-10-23,25076.258
2018-10-22,25221.146
2018-10-19,25314.23
2018-10-17,25379.973
2018-10-16,25405.771
2018-10-15,25446.635
2018-10-12,25635.12
2018-10-11,25717.828
2018-10-10,25735.613
2018-10-09,25491.773
2018-10-08,25481.578
2018-10-05,25255.033
2018-10-04,25088.443
2018-10-03,24946.523
2018-10-01,25017.152
2018-09-28,25222.229
2018-09-27,25491.936
2018-09-26,25562.326
2018-09-25,25500.902
2018-09-24,25556.14
2018-09-21,25617.172
2018-09-19,25518.117
2018-09-18,25656.574
2018-09-17,26090.361
2018-09-14,26503.62
2018-09-12,26880.72
2018-09-11,27225.229
2018-09-10,27288.523
2018-09-07,27245.111
2018-09-06,27362.559
2018-09-05,27614.102
2018-09-04,27810.02
2018-09-03,27875.193
2018-08-31,27899.78
2018-08-30,28063.576
2018-08-29,28307.154
2018-08-28,28492.957
2018-08-27,28630.648
2018-08-24,28717.05
2018-08-23,28754.998
2018-08-21,28600.576
2018-08-20,28532.215
2018-08-17,28618.518
2018-08-16,28726.268
2018-08-14,28733.574
2018-08-13,28582.705
2018-08-10,28519.844
2018-08-09,28424.428
2018-08-08,28485.514
2018-08-07,28644.3
2018-08-06,28658.705
2018-08-03,28540.178
2018-08-02,28436.568
2018-08-01,28304.545
2018-07-31,28086.777
2018-07-30,28025.791
2018-07-27,28105.15
2018-07-26,28219.795
2018-07-25,28205.594
2018-07-24,28059.123
2018-07-23,27783.773
2018-07-20,27562.357
2018-07-19,27467.16
2018-07-18,27397.557
2018-07-17,27324.453
2018-07-16,27307.486
2018-07-13,27357.908
2018-07-12,27272.846
2018-07-11,27273.004
2018-07-10,27334.965
2018-07-09,27306.324
2018-07-06,27288.67
2018-07-05,27228.043
2018-07-04,27079.068
2018-07-03,26969.69
2018-07-02,26894.797
2018-06-29,26772.357
2018-06-28,26693.018
2018-06-27,26710.7
2018-06-26,26732.732
2018-06-25,26779.152
2018-06-22,26879.125
2018-06-21,26954.543
2018-06-20,27049.94
2018-06-19,27007.014
2018-06-18,26963.52
2018-06-15,26830.328
2018-06-14,26785.17
2018-06-13,26795.912
2018-06-12,26877.588
2018-06-11,26977.516
2018-06-08,27024.146
2018-06-07,26971.85
2018-06-06,26909.654
2018-06-05,26900.242
2018-06-04,26856.096
2018-06-01,26773.656
2018-05-31,26715.848
2018-05-30,26860.9
2018-05-29,27113.139
2018-05-28,27041.363
2018-05-25,26860.814
2018-05-24,26866.56
2018-05-23,26804.566
2018-05-22,26645.77
2018-05-21,26391.941
2018-05-18,26249.557
2018-05-17,26192.436
2018-05-16,26229.734
2018-05-15,26350.498
2018-05-14,26480.016
2018-05-11,26663.604
2018-05-10,26783.506
2018-05-09,26806.566
2018-05-08,26681.875
2018-05-07,26578.32
2018-05-04,26510.197
2018-05-03,26395.24
2018-05-02,26234.29
2018-04-30,26110.322
2018-04-27,26034.943
2018-04-26,25988.432
2018-04-25,25910.496
2018-04-24,25697.514
2018-04-23,25446.002
2018-04-20,25372.023
2018-04-19,25351.826
2018-04-18,25341.102
2018-04-17,25398.85
2018-04-16,25437.766
2018-04-13,25538.41
2018-04-12,25609.066
2018-04-11,25591.684
2018-04-10,25552.293
2018-04-09,25489.633
2018-04-06,25501.22
2018-04-05,25485.111
2018-04-04,25381.768
2018-04-03,25249.846
2018-04-02,24920.3
2018-03-28,24811.229
2018-03-27,24752.3
2018-03-26,24701.893
2018-03-23,24732.434
2018-03-22,24694.37
2018-03-21,24416.748
2018-03-20,24352.979
2018-03-19,24433.393
2018-03-16,24488.537
2018-03-15,24533.738
2018-03-14,24647.826
2018-03-13,24854.44
2018-03-12,25028.404
2018-03-09,25074.887
2018-03-08,25035.389
2018-03-07,24850.012
2018-03-06,24774.79
2018-03-05,24644.334
2018-03-01,24675.94
2018-02-28,24895.049
2018-02-27,25113.502
2018-02-26,25312.951
2018-02-23,25527.744
2018-02-22,25778.791
2018-02-21,25790.053
2018-02-20,25588.842
2018-02-19,25407.688
2018-02-16,25299.516
2018-02-15,25340.97
2018-02-14,25456.877
2018-02-12,25645.514
2018-02-09,25739.89
2018-02-08,25899.393
2018-02-07,25920.28
2018-02-06,26066.805
2018-02-05,26100.564
2018-02-02,26141.49
2018-02-01,26286.334
2018-01-31,26548.37
2018-01-30,27044.361
2018-01-29,27470.97
2018-01-25,27651.572
2018-01-24,27775.545
2018-01-23,27826.746
2018-01-22,27833.8
2018-01-19,27838.096
2018-01-18,27716.887
2018-01-17,27563.791
2018-01-16,27326.375
2018-01-15,27066.527
2018-01-12,26784.121
2018-01-11,26642.666
2018-01-10,26471.088
2018-01-09,26310.137
2018-01-08,26186.441
2018-01-05,26144.658
2018-01-04,26121.143
2018-01-03,26069.545
2018-01-02,25963.984
2018-01-01,25820.697
2017-12-29,25728.146
2017-12-28,25680.44
2017-12-27,25750.268
2017-12-26,25805.984
2017-12-22,25830.713
2017-12-21,25903.02
2017-12-20,25951.502
2017-12-19,25936.725
2017-12-18,25925.709
2017-12-15,25975.064
2017-12-14,25981.0
2017-12-13,25912.646
2017-12-12,25745.672
2017-12-11,25554.629
2017-12-08,25488.217
2017-12-07,25601.297
2017-12-06,25688.865
2017-12-05,25618.973
2017-12-04,25440.473
2017-12-01,25407.375
2017-11-30,25419.125
2017-11-29,25483.412
2017-11-28,25588.938
2017-11-27,25841.754
2017-11-24,26054.463
2017-11-23,26180.018
2017-11-22,26183.266
2017-11-21,26136.332
2017-11-20,26115.969
2017-11-17,26119.803
2017-11-16,26141.068
2017-11-15,26147.043
2017-11-14,26036.936
2017-11-13,25846.768
2017-11-10,25737.406
2017-11-09,25730.465
2017-11-08,25811.408
2017-11-07,25798.477
2017-11-06,25709.55
2017-11-03,25674.111
2017-11-02,25775.762
2017-11-01,25908.64
2017-10-31,25903.445
2017-10-30,25876.549
2017-10-27,25672.299
2017-10-26,25486.059
2017-10-25,25330.852
2017-10-24,25323.453
2017-10-23,25370.844
2017-10-19,25091.166
2017-10-18,24759.402
2017-10-17,24517.293
2017-10-16,24522.639
2017-10-13,24730.865
2017-10-12,24927.533
2017-10-11,25016.832
2017-10-10,24896.652
2017-10-09,24658.186
2017-10-06,24580.283
2017-10-05,24559.193
2017-10-04,24542.11
2017-10-03,24479.53
2017-09-29,24447.06
2017-09-28,24433.412
2017-09-27,24410.295
2017-09-26,24374.094
2017-09-25,24271.047
2017-09-22,24338.557
2017-09-21,24422.434
2017-09-20,24552.744
2017-09-19,24810.525
2017-09-18,25067.125
2017-09-15,25245.262
2017-09-14,25328.834
2017-09-13,25276.143
2017-09-12,25239.418
2017-09-11,25205.76
2017-09-08,25178.459
2017-09-07,25126.576
2017-09-06,24973.227
2017-09-05,24825.137
2017-09-04,24731.059
2017-09-01,24710.771
2017-08-31,24681.55
2017-08-30,24729.844
2017-08-29,24731.172
2017-08-28,24704.748
2017-08-24,24605.5
2017-08-23,24617.916
2017-08-22,24622.117
2017-08-21,24635.354
2017-08-18,24510.273
2017-08-17,24374.844
2017-08-16,24348.137
2017-08-14,24433.387
2017-08-11,24595.686
2017-08-10,24584.568
2017-08-09,24465.098
2017-08-08,24452.162
2017-08-07,24546.988
2017-08-04,24727.328
2017-08-03,24979.47
2017-08-02,25117.336
2017-08-01,25100.268
2017-07-31,25194.287
2017-07-28,25323.432
2017-07-27,25409.596
2017-07-26,25336.57
2017-07-25,25291.223
2017-07-24,25184.512
2017-07-21,25048.438
2017-07-20,24923.44
2017-07-19,24790.686
2017-07-18,24690.467
2017-07-17,24613.885
2017-07-14,24518.578
2017-07-13,24445.387
2017-07-12,24372.104
2017-07-11,24302.334
2017-07-10,24180.39
2017-07-07,24042.16
2017-07-06,23986.715
2017-07-05,23889.865
2017-07-04,23819.754
2017-07-03,23738.64
2017-06-30,23628.756
2017-06-29,23573.652
2017-06-28,23532.969
2017-06-27,23516.146
2017-06-23,23513.936
2017-06-22,23506.674
2017-06-21,23626.043
2017-06-20,23813.402
2017-06-19,23932.543
2017-06-16,23974.133
2017-06-15,23993.967
2017-06-14,23912.455
2017-06-13,23795.254
2017-06-12,23764.865
2017-06-09,23774.393
2017-06-08,23791.463
2017-06-07,23888.764
2017-06-06,23910.447
2017-06-05,23907.133
2017-06-02,23838.033
2017-06-01,23793.666
2017-05-31,23745.574
2017-05-30,23690.75
2017-05-29,23700.387
2017-05-26,23680.46
2017-05-25,23606.91
2017-05-24,23613.584
2017-05-23,23576.826
2017-05-22,23282.781
2017-05-19,23039.566
2017-05-18,22944.451
2017-05-17,22982.47
2017-05-16,23013.514
2017-05-15,23110.623
2017-05-12,23178.87
2017-05-11,23160.824
2017-05-10,23060.512
2017-05-09,23033.195
2017-05-08,23050.781
2017-05-05,23029.422
2017-05-04,23026.87
2017-05-03,22969.436
2017-05-02,22962.508
2017-04-28,22816.318
2017-04-27,22696.068
2017-04-26,22643.115
2017-04-25,22621.91
2017-04-24,22583.945
2017-04-21,22478.062
2017-04-20,22312.406
2017-04-19,22073.998
2017-04-18,21884.031
2017-04-17,21812.281
2017-04-13,21850.059
2017-04-12,21890.793
2017-04-11,21920.18
2017-04-10,21918.451
2017-04-07,21929.867
2017-04-06,21856.13
2017-04-05,21749.166
2017-04-03,21752.432
2017-03-31,21806.639
2017-03-30,21813.951
2017-03-29,21760.121
2017-03-28,21776.955
2017-03-27,21724.145
2017-03-24,21604.803
2017-03-23,21448.002
2017-03-22,21370.44
2017-03-21,21264.719
2017-03-20,21145.04
2017-03-17,21158.596
2017-03-16,21244.28
2017-03-15,21337.318
2017-03-14,21416.633
2017-03-10,21418.742
2017-03-09,21371.285
2017-03-08,21183.629
2017-03-07,21026.486
2017-03-06,20932.924
2017-03-03,20882.324
2017-03-02,20878.826
2017-03-01,20823.162
2017-02-28,20791.863
2017-02-27,20865.73
2017-02-23,20873.576
2017-02-22,20852.643
2017-02-21,20931.873
2017-02-20,21010.572
2017-02-17,21052.398
2017-02-16,20993.238
2017-02-15,20877.432
2017-02-14,20675.494
2017-02-13,20500.14
2017-02-10,20446.223
2017-02-09,20453.51
2017-02-08,20458.186
2017-02-07,20428.283
2017-02-06,20429.533
2017-02-03,20469.531
2017-02-02,20520.553
2017-02-01,20483.613
2017-01-31,20380.812
2017-01-30,20280.025
2017-01-27,20028.486
2017-01-25,19855.465
2017-01-24,19831.066
2017-01-23,19774.473
2017-01-20,19547.418
2017-01-19,19277.19
2017-01-18,19091.502
2017-01-17,19125.514
2017-01-16,19230.89
2017-01-13,19267.037
2017-01-12,19264.514
2017-01-11,19173.447
2017-01-10,19072.793
2017-01-09,18995.299
2017-01-06,18796.975
2017-01-05,18589.738
2017-01-04,18457.299
2017-01-03,18347.77
2017-01-02,18199.496
2016-12-30,18147.85
2016-12-29,18121.174
2016-12-28,18186.94
2016-12-27,18196.303
2016-12-26,18114.49
2016-12-23,18032.512
2016-12-22,17898.76
2016-12-21,17890.156
2016-12-20,17934.076
2016-12-19,18050.648
2016-12-16,18136.568
2016-12-15,18246.375
2016-12-14,18342.102
2016-12-13,18429.85
2016-12-12,18459.73
2016-12-09,18510.307
2016-12-08,18526.037
2016-12-07,18645.854
2016-12-06,18689.14
2016-12-05,18580.908
2016-12-02,18540.068
2016-12-01,18542.152
2016-11-30,18498.184
2016-11-29,18525.195
2016-11-28,18643.486
2016-11-25,18586.36
2016-11-24,18516.35
2016-11-23,18551.87
2016-11-22,18513.844
2016-11-21,18572.773
2016-11-18,18644.744
2016-11-17,18649.34
2016-11-16,18825.326
2016-11-15,19041.1
2016-11-11,19187.605
2016-11-10,19320.02
2016-11-09,19572.559
2016-11-08,19949.807
2016-11-07,19953.904
2016-11-04,19824.297
2016-11-03,19661.39
2016-11-02,19453.812
2016-11-01,19372.266
2016-10-30,19392.814
2016-10-28,19527.332
2016-10-27,19664.518
2016-10-26,19749.662
2016-10-25,19759.508
2016-10-24,19725.055
2016-10-21,19827.062
2016-10-20,19926.861
2016-10-19,19945.686
2016-10-18,19908.424
2016-10-17,19774.49
2016-10-14,19697.658
2016-10-13,19512.303
2016-10-10,19345.184
2016-10-07,19227.84
2016-10-06,19337.447
2016-10-05,19484.207
2016-10-04,19569.9
2016-10-03,19645.49
2016-09-30,19736.438
2016-09-29,19762.898
2016-09-28,19639.844
2016-09-27,19479.828
2016-09-26,19562.037
2016-09-23,19648.572
2016-09-22,19725.959
2016-09-21,19886.896
2016-09-20,20091.588
2016-09-19,20117.139
2016-09-16,20080.016
2016-09-15,20065.033
2016-09-14,20051.867
2016-09-12,20042.865
2016-09-09,20070.072
2016-09-08,20054.42
2016-09-07,20206.818
2016-09-06,20422.838
2016-09-02,20564.227
2016-09-01,20626.523
2016-08-31,20427.645
2016-08-30,20189.025
2016-08-29,20044.473
2016-08-26,19899.088
2016-08-25,19689.893
2016-08-24,19531.365
2016-08-23,19492.488
2016-08-22,19522.98
2016-08-19,19547.97
2016-08-18,19544.857
2016-08-17,19557.857
2016-08-16,19542.584
2016-08-12,19399.93
2016-08-11,19255.115
2016-08-10,19156.656
2016-08-09,18990.668
2016-08-08,18869.582
2016-08-05,18923.229
2016-08-04,19015.19
2016-08-03,19069.414
2016-08-02,18944.777
2016-08-01,18817.725
2016-07-29,18786.611
2016-07-28,18816.78
2016-07-27,18937.01
2016-07-26,19084.95
2016-07-25,19157.443
2016-07-22,19110.219
2016-07-21,19093.588
2016-07-20,18985.549
2016-07-19,18887.658
2016-07-18,18952.457
2016-07-15,19026.018
2016-07-14,19076.123
2016-07-13,19106.84
2016-07-12,19082.885
2016-07-11,18955.545
2016-07-08,18864.857
2016-07-07,18720.82
2016-07-05,18472.201
2016-07-04,18313.832
2016-07-01,18220.494
2016-06-30,18218.31
2016-06-29,18197.4
2016-06-28,18148.705
2016-06-27,18007.809
2016-06-24,17837.043
2016-06-23,17705.281
2016-06-22,17604.719
2016-06-21,17732.389
2016-06-20,17781.299
2016-06-17,17769.578
2016-06-16,17776.14
2016-06-15,17778.143
2016-06-14,17768.8
2016-06-13,17856.262
2016-06-10,17849.82
2016-06-09,17782.35
2016-06-08,17815.16
2016-06-07,17897.834
2016-06-06,17988.03
2016-06-03,18044.531
2016-06-02,17959.986
2016-06-01,17866.227
2016-05-31,17769.838
2016-05-30,17659.732
2016-05-27,17667.13
2016-05-26,17674.41
2016-05-25,17670.385
2016-05-24,17601.086
2016-05-23,17394.309
2016-05-20,17013.682
2016-05-19,16707.143
2016-05-18,16581.684
2016-05-17,16599.307
2016-05-16,16711.836
2016-05-13,16810.92
2016-05-12,16841.959
2016-05-11,16820.455
2016-05-10,16866.86
2016-05-09,16855.014
2016-05-06,16839.434
2016-05-05,16794.252
2016-05-04,16610.266
2016-05-03,16448.61
2016-05-02,16363.609
2016-04-29,16386.355
2016-04-28,16495.549
2016-04-27,16683.055
2016-04-26,16786.025
2016-04-25,16872.164
2016-04-22,16968.562
2016-04-21,16907.691
2016-04-20,16828.84
2016-04-18,16758.486
2016-04-13,16615.303
2016-04-12,16458.533
2016-04-11,16384.8
2016-04-08,16217.888
2016-04-07,16056.582
2016-04-06,15863.638
2016-04-05,15717.57
2016-04-04,15682.665
2016-04-01,15716.422
2016-03-31,15941.76
2016-03-30,16128.981
2016-03-29,16202.331
2016-03-28,16198.703
2016-03-23,15992.17
2016-03-22,15778.972
2016-03-21,15768.868
2016-03-18,15861.45
2016-03-17,15947.243
2016-03-16,15886.858
2016-03-15,15714.948
2016-03-14,15581.724
2016-03-11,15468.573
2016-03-10,15389.491
2016-03-09,15310.352
2016-03-08,15263.688
2016-03-04,15281.136
2016-03-03,15258.773
2016-03-02,15299.067
2016-03-01,15280.833
2016-02-29,15212.211
2016-02-26,14892.494
2016-02-25,14433.163
2016-02-24,14053.879
2016-02-23,13770.017
2016-02-22,13721.073
2016-02-19,13849.718
2016-02-18,14118.539
2016-02-17,14296.09
2016-02-16,14335.511
2016-02-15,14235.597
2016-02-12,14146.284
2016-02-11,14211.904
2016-02-10,14132.669
2016-02-09,14054.969
2016-02-08,14230.057
2016-02-05,14541.767
2016-02-04,14839.48
2016-02-03,15052.274
2016-02-02,15037.369
2016-02-01,14940.163
2016-01-29,14956.573
2016-01-28,15115.707
2016-01-27,15348.49
2016-01-25,15460.17
2016-01-22,15541.989
2016-01-21,15595.602
2016-01-20,15598.462
2016-01-19,15435.086
2016-01-18,15219.245
2016-01-15,15206.63
2016-01-14,15181.325
2016-01-13,15226.781
2016-01-12,15429.694
2016-01-11,15701.735
2016-01-08,15826.329
2016-01-07,15949.595
2016-01-06,16073.889
2016-01-05,16125.634
2016-01-04,16274.094
2016-01-01,16447.111
2015-12-31,16584.85
2015-12-30,16828.855
2015-12-29,16972.812
2015-12-28,17024.672
2015-12-24,17059.197
2015-12-23,17078.598
2015-12-22,17027.828
2015-12-21,17006.201
2015-12-18,16957.887
2015-12-17,16950.54
2015-12-16,16872.303
2015-12-15,16854.566
2015-12-14,16801.89
2015-12-11,16683.97
2015-12-10,16568.342
2015-12-09,16494.707
2015-12-08,16604.166
2015-12-07,16709.938
2015-12-04,16815.705
2015-12-03,16928.994
2015-12-02,16976.973
2015-12-01,17064.053
2015-11-30,17175.21
2015-11-27,17322.52
2015-11-26,17438.594
2015-11-24,17476.975
2015-11-23,17348.777
2015-11-20,17202.596
2015-11-19,17147.016
2015-11-18,17150.748
2015-11-17,17180.432
2015-11-16,17104.115
2015-11-13,17143.807
2015-11-11,17225.562
2015-11-10,17187.188
2015-11-09,17126.213
2015-11-06,17036.197
2015-11-05,17037.102
2015-11-04,17102.725
2015-11-03,17126.38
2015-11-02,17208.775
2015-10-30,17318.041
2015-10-29,17396.516
2015-10-28,17436.912
2015-10-27,17394.434
2015-10-26,17405.668
2015-10-23,17604.88
2015-10-21,17795.988
2015-10-20,17950.09
2015-10-19,17942.77
2015-10-16,17931.734
2015-10-15,17942.512
2015-10-14,17985.883
2015-10-13,17939.793
2015-10-12,17827.691
2015-10-09,17745.717
2015-10-08,17721.615
2015-10-07,17729.959
2015-10-06,17697.92
2015-10-05,17714.936
2015-10-01,17735.064
2015-09-30,17770.51
2015-09-29,17591.682
2015-09-28,17432.188
2015-09-24,17372.865
2015-09-23,17303.625
2015-09-22,17291.604
2015-09-21,17323.494
2015-09-18,17266.145
2015-09-16,17392.73
2015-09-15,17480.676
2015-09-14,17342.016
2015-09-11,17091.148
2015-09-10,16974.035
2015-09-09,16842.982
2015-09-08,16752.451
2015-09-07,16723.613
2015-09-04,16615.742
2015-09-03,16301.381
2015-09-02,16166.179
2015-09-01,16315.814
2015-08-31,16383.4375
2015-08-28,16487.266
2015-08-27,16794.416
2015-08-26,17070.975
2015-08-25,17219.428
2015-08-24,17149.242
2015-08-21,17145.334
2015-08-20,17035.178
2015-08-19,17424.012
2015-08-18,17931.562
2015-08-17,18431.361
2015-08-14,18751.436
2015-08-13,18898.59
2015-08-12,18901.934
2015-08-11,18661.637
2015-08-10,18409.232
2015-08-07,18490.748
2015-08-06,18768.934
2015-08-05,19005.162
2015-08-04,19173.207
2015-08-03,19205.053
2015-07-31,19193.5
2015-07-30,19153.867
2015-07-29,19053.605
2015-07-28,18864.35
2015-07-27,18678.041
2015-07-24,18554.334
2015-07-23,18473.586
2015-07-22,18597.584
2015-07-21,18823.453
2015-07-20,19030.764
2015-07-17,19029.459
2015-07-16,19070.86
2015-07-15,19139.27
2015-07-14,19221.44
2015-07-13,19141.945
2015-07-10,19027.998
2015-07-09,19000.033
2015-07-08,18952.178
2015-07-07,18835.791
2015-07-06,18725.06
2015-07-03,18791.63
2015-07-02,18902.146
2015-07-01,18938.54
2015-06-30,18872.145
2015-06-29,18793.678
2015-06-26,18634.523
2015-06-25,18491.648
2015-06-24,18464.791
2015-06-23,18535.822
2015-06-22,18557.549
2015-06-19,18555.963
2015-06-18,18521.57
2015-06-17,18313.059
2015-06-16,18071.09
2015-06-15,17861.719
2015-06-12,17757.152
2015-06-11,17673.828
2015-06-10,17649.166
2015-06-09,17562.887
2015-06-08,17636.826
2015-06-05,17648.809
2015-06-04,17603.623
2015-06-03,17598.576
2015-06-02,17675.783
2015-06-01,17751.25
2015-05-29,17893.053
2015-05-28,18249.965
2015-05-27,18578.574
2015-05-26,18655.2
2015-05-25,18651.832
2015-05-22,18555.387
2015-05-21,18478.578
2015-05-20,18495.562
2015-05-19,18577.965
2015-05-18,18668.316
2015-05-15,18656.162
2015-05-14,18628.613
2015-05-13,18516.293
2015-05-12,18395.055
2015-05-11,18314.484
2015-05-08,18099.555
2015-05-07,18140.977
2015-05-06,18099.174
2015-05-05,17872.402
2015-05-04,17828.86
2015-04-30,18127.754
2015-04-29,18429.969
2015-04-28,18531.752
2015-04-27,18501.086
2015-04-24,18418.965
2015-04-23,18176.334
2015-04-22,18074.428
2015-04-21,18167.852
2015-04-20,18292.672
2015-04-17,18318.564
2015-04-16,18297.424
2015-04-15,18358.92
2015-04-13,18539.637
2015-04-10,18718.898
2015-04-09,18853.963
2015-04-08,18920.238
2015-04-07,18968.822
2015-04-06,18820.654
2015-04-01,18690.95
2015-03-31,18683.434
2015-03-30,18732.0
2015-03-27,18619.984
2015-03-26,18553.512
2015-03-25,18408.562
2015-03-24,18210.111
2015-03-23,18256.6
2015-03-20,18377.113
2015-03-19,18509.678
2015-03-18,18644.014
2015-03-17,18797.887
2015-03-16,19024.31
2015-03-13,19149.496
2015-03-12,19104.055
2015-03-11,19002.57
2015-03-10,19075.041
2015-03-09,19151.312
2015-03-05,19204.096
2015-03-04,19264.53
2015-03-03,19539.875
2015-03-02,19739.152
2015-02-28,19950.832
2015-02-27,20101.117
2015-02-26,20049.945
2015-02-25,19719.035
2015-02-24,19231.021
2015-02-23,18975.186
2015-02-20,18972.678
2015-02-19,19065.678
2015-02-18,19200.152
2015-02-16,19322.438
2015-02-13,19419.53
2015-02-12,19419.055
2015-02-11,19451.404
2015-02-10,19390.639
2015-02-09,19251.184
2015-02-06,19072.656
2015-02-05,18823.207
2015-02-04,18800.893
2015-02-03,18971.986
2015-02-02,19180.717
2015-01-30,19387.12
2015-01-29,19689.025
2015-01-28,19889.625
2015-01-27,20239.87
2015-01-23,20491.049
2015-01-22,20635.69
2015-01-21,20509.076
2015-01-20,20296.654
2015-01-19,20132.662
2015-01-16,20038.299
2015-01-15,19873.408
2015-01-14,19679.672
2015-01-13,19557.268
2015-01-12,19260.57
2015-01-09,19053.602
2015-01-08,18990.23
2015-01-07,18930.205
2015-01-06,18904.918
2015-01-05,18735.45
2015-01-02,18621.639
2015-01-01,18796.203
2014-12-31,19010.72
2014-12-30,19020.1
2014-12-29,18941.787
2014-12-26,18834.016
2014-12-24,18720.352
2014-12-23,18668.018
2014-12-22,18654.205
2014-12-19,18686.64
2014-12-18,18776.81
2014-12-17,18744.566
2014-12-16,18621.324
2014-12-15,18340.91
2014-12-12,18109.059
2014-12-11,18203.137
2014-12-10,18345.535
2014-12-09,18475.896
2014-12-08,18562.146
2014-12-05,18526.332
2014-12-04,18546.896
2014-12-03,18679.357
2014-12-02,18809.898
2014-12-01,18833.45
2014-11-28,18777.24
2014-11-27,18710.318
2014-11-26,18669.348
2014-11-25,18469.58
2014-11-24,18278.967
2014-11-21,18196.58
2014-11-20,18280.465
2014-11-19,18295.72
2014-11-18,18111.441
2014-11-17,17902.959
2014-11-14,17816.012
2014-11-13,17782.32
2014-11-12,17750.188
2014-11-11,17676.555
2014-11-10,17663.94
2014-11-07,17598.592
2014-11-05,17487.094
2014-11-03,17435.195
2014-10-31,17427.342
2014-10-30,17351.188
2014-10-29,17243.982
2014-10-28,17058.883
2014-10-27,16872.16
2014-10-23,16773.723
2014-10-22,16702.736
2014-10-21,16631.457
2014-10-20,16573.191
2014-10-17,16531.264
2014-10-16,16426.287
2014-10-14,16226.607
2014-10-13,15922.847
2014-10-10,15784.485
2014-10-09,15734.02
2014-10-08,15642.635
2014-10-07,15674.861
2014-10-01,15580.168
2014-09-30,15406.632
2014-09-29,15324.66
2014-09-26,15338.277
2014-09-25,15408.82
2014-09-24,15517.813
2014-09-23,15473.772
2014-09-22,15559.453
2014-09-19,15724.577
2014-09-18,15964.584
2014-09-17,16118.321
2014-09-16,16181.956
2014-09-15,16071.963
2014-09-12,15956.119
2014-09-11,16022.49
2014-09-10,16169.936
2014-09-09,16267.829
2014-09-08,16286.618
2014-09-05,16272.694
2014-09-04,16275.561
2014-09-03,16200.392
2014-09-02,16148.6875
2014-09-01,16158.393
2014-08-28,16194.087
2014-08-27,16176.541
2014-08-26,16039.042
2014-08-25,15903.984
2014-08-22,15789.8545
2014-08-21,15745.555
2014-08-20,15798.945
2014-08-19,15799.79
2014-08-18,15704.311
2014-08-14,15625.262
2014-08-13,15551.068
2014-08-12,15372.566
2014-08-11,15157.562
2014-08-08,15071.876
2014-08-07,14986.238
2014-08-06,14897.334
2014-08-05,14921.971
2014-08-04,14981.169
2014-08-01,15130.913
2014-07-31,15227.843
2014-07-30,15217.339
2014-07-28,15226.2295
2014-07-25,15314.839
2014-07-24,15308.313
2014-07-23,15314.343
2014-07-22,15409.818
2014-07-21,15475.8545
2014-07-18,15492.042
2014-07-17,15470.731
2014-07-16,15449.991
2014-07-15,15395.818
2014-07-14,15352.664
2014-07-11,15189.892
2014-07-10,14895.648
2014-07-09,14657.418
2014-07-08,14680.795
2014-07-07,14828.478
2014-07-04,14974.13
2014-07-03,15189.6455
2014-07-02,15408.13
2014-07-01,15493.402
2014-06-30,15510.343
2014-06-27,15437.413
2014-06-26,15339.527
2014-06-25,15186.009
2014-06-24,15103.451
2014-06-23,15157.714
2014-06-20,15267.528
2014-06-19,15258.593
2014-06-18,15175.097
2014-06-17,15125.171
2014-06-16,15167.98
2014-06-13,15285.309
2014-06-12,15246.851
2014-06-11,15192.991
2014-06-10,15295.345
2014-06-09,15409.389
2014-06-06,15469.711
2014-06-05,15538.913
2014-06-04,15576.151
2014-06-03,15488.743
2014-06-02,15414.738
2014-05-30,15352.565
2014-05-29,15334.312
2014-05-28,15150.857
2014-05-27,15070.367
2014-05-26,15116.954
2014-05-23,15152.841
2014-05-22,15198.314
2014-05-21,15266.21
2014-05-20,15222.89
2014-05-19,15114.486
2014-05-16,15089.183
2014-05-15,15149.856
2014-05-14,15074.501
2014-05-13,14741.318
2014-05-12,14438.596
2014-05-09,14259.09
2014-05-08,14165.794
2014-05-07,14006.479
2014-05-06,13605.057
2014-05-05,13229.63
2014-05-02,13022.244
2014-04-30,12920.208
2014-04-29,12869.118
2014-04-28,12847.191
2014-04-25,12852.097
2014-04-23,12919.562
2014-04-22,12957.352
2014-04-21,12996.603
2014-04-17,12968.035
2014-04-16,12916.185
2014-04-15,12815.976
2014-04-11,12657.702
2014-04-10,12553.093
2014-04-09,12614.81
2014-04-07,12756.483
2014-04-04,12861.915
2014-04-03,12742.933
2014-04-02,12605.46
2014-04-01,12527.726
2014-03-31,12565.355
2014-03-28,12582.793
2014-03-27,12640.877
2014-03-26,12694.168
2014-03-25,12665.081
2014-03-24,12583.485
2014-03-22,12491.443
2014-03-21,12419.213
2014-03-20,12258.22
2014-03-19,12134.161
2014-03-18,12045.771
2014-03-14,12067.834
2014-03-13,12090.55
2014-03-12,12074.475
2014-03-11,12077.767
2014-03-10,12039.729
2014-03-07,12006.309
2014-03-06,12012.537
2014-03-05,11945.712
2014-03-04,11646.988
2014-03-03,11313.984
2014-02-28,11042.468
2014-02-26,10798.822
2014-02-25,10700.682
2014-02-24,10676.321
2014-02-21,10652.817
2014-02-20,10632.923
2014-02-19,10563.956
2014-02-18,10449.123
2014-02-17,10427.845
2014-02-14,10436.156
2014-02-13,10354.269
2014-02-12,10221.76
2014-02-11,10098.472
2014-02-10,10110.36
2014-02-07,10130.151
2014-02-06,10129.031
2014-02-05,10136.907
2014-02-04,10122.61
2014-02-03,10115.378
2014-01-31,10099.459
2014-01-30,10053.724
2014-01-29,10067.479
2014-01-28,10068.222
2014-01-27,10171.099
2014-01-24,10298.853
2014-01-23,10395.305
2014-01-22,10608.869
2014-01-21,10866.077
2014-01-20,11039.749
2014-01-17,11100.845
2014-01-16,11040.086
2014-01-15,10931.68
2014-01-14,10928.908
2014-01-13,10988.584
2014-01-10,10983.166
2014-01-09,10982.57
2014-01-08,10903.321
2014-01-07,10888.304
2014-01-06,10936.263
2014-01-03,10979.722
2014-01-02,11004.601
2014-01-01,11060.131
2013-12-31,11104.144
2013-12-30,11201.369
2013-12-27,11279.287
2013-12-26,11314.138
2013-12-24,11351.794
2013-12-23,11350.237
2013-12-20,11316.169
2013-12-19,11305.136
2013-12-18,11277.733
2013-12-17,11178.587
2013-12-16,11195.708
2013-12-13,11195.065
2013-12-12,11247.112
2013-12-11,11294.117
2013-12-10,11419.537
2013-12-09,11579.382
2013-12-06,11707.857
2013-12-05,11856.83
2013-12-04,11824.18
2013-12-03,11718.627
2013-12-02,11444.082
2013-11-29,11243.941
2013-11-28,11188.026
2013-11-27,11159.929
2013-11-26,11053.658
2013-11-25,10950.972
2013-11-22,10890.385
2013-11-21,10930.755
2013-11-20,10832.696
2013-11-19,10724.522
2013-11-18,10752.651
2013-11-14,10902.761
2013-11-13,11015.437
2013-11-12,10936.629
2013-11-11,10706.884
2013-11-08,10539.795
2013-11-07,10536.772
2013-11-06,10657.417
2013-11-05,10826.018
2013-11-03,11029.596
2013-11-01,11239.332
2013-10-31,11409.494
2013-10-30,11503.686
2013-10-29,11477.831
2013-10-28,11340.891
2013-10-25,11224.941
2013-10-24,10996.434
2013-10-23,10868.6455
2013-10-22,10837.404
2013-10-21,10844.341
2013-10-18,10829.234
2013-10-17,10800.406
2013-10-15,10752.58
2013-10-14,10557.718
2013-10-11,10401.303
2013-10-10,10426.93
2013-10-09,10492.05
2013-10-08,10411.232
2013-10-07,10318.218
2013-10-04,10184.293
2013-10-03,10064.749
2013-10-01,10041.525
2013-09-30,10072.202
2013-09-27,9977.767
2013-09-26,9768.414
2013-09-25,9705.279
2013-09-24,9800.443
2013-09-23,9907.23
2013-09-20,10004.112
2013-09-19,10068.178
2013-09-18,10273.527
2013-09-17,10628.271
2013-09-16,10629.741
2013-09-13,10432.969
2013-09-12,10286.809
2013-09-11,10161.761
2013-09-10,10093.715
2013-09-06,10157.862
2013-09-05,10177.562
2013-09-04,10081.358
2013-09-03,9871.656
2013-09-02,9388.197
2013-08-30,8924.595
2013-08-29,8834.925
2013-08-28,8887.431
2013-08-27,8900.677
2013-08-26,8821.488
2013-08-23,8767.513
2013-08-22,8927.963
2013-08-21,9137.327
2013-08-20,9195.852
2013-08-19,9166.84
2013-08-16,9102.779
2013-08-14,9029.601
2013-08-13,9104.24
2013-08-12,9429.831
2013-08-08,9706.135
2013-08-07,9744.472
2013-08-06,9719.457
2013-08-05,9669.268
2013-08-02,9619.168
2013-08-01,9745.623
2013-07-31,9857.916
2013-07-30,9973.674
2013-07-29,9997.291
2013-07-26,10051.005
2013-07-25,10144.936
2013-07-24,10269.515
2013-07-23,10413.294
2013-07-22,10547.931
2013-07-19,10824.312
2013-07-18,10988.015
2013-07-17,11000.394
2013-07-16,11038.304
2013-07-15,10998.594
2013-07-12,11048.571
2013-07-11,11334.61
2013-07-10,11570.975
2013-07-09,11663.47
2013-07-08,11555.636
2013-07-05,11451.891
2013-07-04,11340.916
2013-07-03,11334.238
2013-07-02,11351.84
2013-07-01,11359.598
2013-06-28,11454.424
2013-06-27,11579.195
2013-06-26,11622.707
2013-06-25,11469.587
2013-06-24,11240.217
2013-06-21,11122.449
2013-06-20,11096.53
2013-06-19,11174.137
2013-06-18,11267.202
2013-06-17,11503.076
2013-06-14,11680.733
2013-06-13,11816.036
2013-06-12,11863.05
2013-06-11,11772.095
2013-06-10,11721.877
2013-06-07,11719.1455
2013-06-06,11842.331
2013-06-05,12021.02
2013-06-04,12210.976
2013-06-03,12286.018
2013-05-31,12283.473
2013-05-30,12307.082
2013-05-29,12365.834
2013-05-28,12544.56
2013-05-27,12716.735
2013-05-24,12853.472
2013-05-23,12928.111
2013-05-22,12880.127
2013-05-21,12761.009
2013-05-20,12812.927
2013-05-17,12936.519
2013-05-16,13079.517
2013-05-15,13221.441
2013-05-14,13274.499
2013-05-13,13211.645
2013-05-11,12946.449
2013-05-10,12712.481
2013-05-09,12672.165
2013-05-08,12710.792
2013-05-07,12696.28
2013-05-06,12677.049
2013-05-03,12654.046
2013-05-02,12544.6045
2013-04-30,12441.959
2013-04-29,12502.712
2013-04-26,12541.278
2013-04-25,12567.478
2013-04-23,12546.412
2013-04-22,12588.714
2013-04-18,12568.508
2013-04-17,12544.828
2013-04-16,12421.747
2013-04-15,12195.738
2013-04-12,11983.692
2013-04-11,11734.223
2013-04-10,11525.539
2013-04-09,11373.845
2013-04-08,11227.993
2013-04-05,11060.346
2013-04-04,10973.981
2013-04-03,10977.534
2013-04-02,11013.976
2013-04-01,11120.865
2013-03-28,11272.244
2013-03-26,11336.316
2013-03-25,11314.567
2013-03-22,11197.021
2013-03-21,11082.337
2013-03-20,11052.189
2013-03-19,11084.231
2013-03-18,11134.157
2013-03-15,11266.46
2013-03-14,11463.089
2013-03-13,11634.149
2013-03-12,11803.859
2013-03-11,11814.855
2013-03-08,11871.945
2013-03-07,11975.514
2013-03-06,12073.297
2013-03-05,12047.645
2013-03-04,11955.093
2013-03-01,11849.981
2013-02-28,11706.135
2013-02-27,11594.784
2013-02-26,11521.334
2013-02-25,11657.485
2013-02-22,11780.188
2013-02-21,11911.114
2013-02-20,11998.451
2013-02-19,12025.55
2013-02-18,12136.845
2013-02-15,12256.957
2013-02-14,12307.447
2013-02-13,12309.96
2013-02-12,12289.17
2013-02-11,12301.916
2013-02-08,12334.702
2013-02-07,12336.726
2013-02-06,12307.614
2013-02-05,12306.68
2013-02-04,12344.374
2013-02-01,12400.166
2013-01-31,12469.557
2013-01-30,12536.845
2013-01-29,12614.453
2013-01-28,12687.269
2013-01-25,12712.498
2013-01-24,12733.743
2013-01-23,12714.561
2013-01-22,12640.455
2013-01-21,12606.972
2013-01-18,12582.122
2013-01-17,12599.959
2013-01-16,12636.691
2013-01-15,12651.715
2013-01-14,12646.06
2013-01-11,12716.794
2013-01-10,12750.398
2013-01-09,12700.679
2013-01-08,12710.567
2013-01-07,12709.174
2013-01-04,12706.768
2013-01-03,12698.969
2013-01-02,12722.558
2013-01-01,12745.081
2012-12-31,12760.704
2012-12-28,12716.6
2012-12-27,12599.622
2012-12-26,12498.022
2012-12-24,12445.873
2012-12-21,12440.3955
2012-12-20,12390.119
2012-12-19,12338.241
2012-12-18,12369.83
2012-12-17,12426.654
2012-12-14,12452.978
2012-12-13,12435.139
2012-12-12,12406.191
2012-12-11,12326.539
2012-12-10,12273.418
2012-12-07,12269.937
2012-12-06,12300.577
2012-12-05,12323.156
2012-12-04,12356.02
2012-12-03,12323.076
2012-11-30,12246.101
2012-11-29,12149.855
2012-11-27,12107.945
2012-11-26,12041.075
2012-11-23,11862.478
2012-11-22,11626.952
2012-11-21,11481.3125
2012-11-20,11439.531
2012-11-19,11431.453
2012-11-16,11374.721
2012-11-15,11310.2295
2012-11-13,11274.774
2012-11-12,11331.272
2012-11-09,11400.674
2012-11-08,11461.12
2012-11-07,11450.299
2012-11-06,11469.402
2012-11-05,11515.116
2012-11-02,11506.514
2012-11-01,11458.565
2012-10-31,11413.339
2012-10-30,11336.005
2012-10-29,11262.4
2012-10-26,11196.824
2012-10-25,11263.195
2012-10-23,11365.984
2012-10-22,11476.363
2012-10-19,11527.8
2012-10-18,11545.871
2012-10-17,11501.644
2012-10-16,11490.696
2012-10-15,11414.114
2012-10-12,11341.343
2012-10-11,11337.76
2012-10-10,11342.361
2012-10-09,11362.401
2012-10-08,11325.211
2012-10-05,11338.069
2012-10-04,11332.809
2012-10-03,11377.648
2012-10-01,11470.241
2012-09-28,11457.734
2012-09-27,11411.009
2012-09-26,11386.569
2012-09-25,11368.654
2012-09-24,11364.227
2012-09-21,11364.542
2012-09-20,11367.249
2012-09-18,11344.617
2012-09-17,11155.005
2012-09-14,11024.835
2012-09-13,10949.582
2012-09-12,10795.41
2012-09-11,10504.556
2012-09-10,10266.327
2012-09-08,10124.393
2012-09-07,10044.8545
2012-09-06,10040.315
2012-09-05,10046.249
2012-09-04,9956.643
2012-09-03,9833.887
2012-08-31,9817.421
2012-08-30,9824.488
2012-08-29,9843.402
2012-08-28,9892.129
2012-08-27,9903.3955
2012-08-24,9912.977
2012-08-23,9954.384
2012-08-22,10062.794
2012-08-21,10202.537
2012-08-17,10304.63
2012-08-16,10352.413
2012-08-14,10345.456
2012-08-13,10330.109
2012-08-10,10359.549
2012-08-09,10354.839
2012-08-08,10325.574
2012-08-07,10334.664
2012-08-06,10388.651
2012-08-03,10461.859
2012-08-02,10462.573
2012-08-01,10378.718
2012-07-31,10321.927
2012-07-30,10316.114
2012-07-27,10318.384
2012-07-26,10331.32
2012-07-25,10238.332
2012-07-24,10118.661
2012-07-23,10107.2705
2012-07-20,10153.448
2012-07-19,10189.489
2012-07-18,10281.158
2012-07-17,10408.101
2012-07-16,10489.042
2012-07-13,10499.956
2012-07-12,10485.757
2012-07-11,10482.101
2012-07-10,10496.523
2012-07-09,10551.922
2012-07-06,10617.227
2012-07-05,10598.768
2012-07-04,10582.334
2012-07-03,10571.54
2012-07-02,10526.427
2012-06-29,10468.986
2012-06-28,10404.839
2012-06-27,10336.919
2012-06-26,10166.6875
2012-06-25,10029.054
2012-06-22,9940.9
2012-06-21,9886.662
2012-06-20,9904.037
2012-06-19,9933.863
2012-06-18,9872.97
2012-06-15,9779.339
2012-06-14,9695.62
2012-06-13,9767.538
2012-06-12,9782.626
2012-06-11,9874.7295
2012-06-08,9962.805
2012-06-07,9947.458
2012-06-06,9910.346
2012-06-05,9865.977
2012-06-04,9761.707
2012-06-01,9572.512
2012-05-31,9392.693
2012-05-30,9255.592
2012-05-29,9254.422
2012-05-28,9337.4375
2012-05-25,9477.385
2012-05-24,9571.403
2012-05-23,9512.35
2012-05-22,9409.552
2012-05-21,9249.034
2012-05-18,9155.834
2012-05-17,9182.983
2012-05-16,9206.215
2012-05-15,9155.305
2012-05-14,9097.452
2012-05-11,9118.766
2012-05-10,9138.072
2012-05-09,9199.06
2012-05-08,9255.223
2012-05-07,9283.104
2012-05-04,9358.548
2012-05-03,9532.72
2012-05-02,9647.641
2012-04-30,9816.249
2012-04-28,10010.063
2012-04-27,10127.424
2012-04-26,10148.486
2012-04-25,10107.929
2012-04-24,10061.705
2012-04-23,10052.443
2012-04-20,10087.6875
2012-04-19,10138.801
2012-04-18,10256.404
2012-04-17,10393.898
2012-04-16,10460.543
2012-04-13,10475.102
2012-04-12,10433.269
2012-04-11,10342.032
2012-04-10,10307.798
2012-04-09,10241.412
2012-04-04,10181.671
2012-04-03,10123.508
2012-04-02,10166.154
2012-03-30,10262.613
2012-03-29,10287.046
2012-03-28,10234.182
2012-03-27,10064.42
2012-03-26,9931.477
2012-03-23,9940.095
2012-03-22,9958.788
2012-03-21,10063.486
2012-03-20,10109.408
2012-03-19,10242.701
2012-03-16,10263.205
2012-03-15,10195.462
2012-03-14,10201.505
2012-03-13,10315.761
2012-03-12,10539.019
2012-03-09,10635.773
2012-03-07,10621.209
2012-03-06,10529.814
2012-03-05,10312.151
2012-03-03,10112.083
2012-03-02,10051.123
2012-03-01,10172.12
2012-02-29,10302.997
2012-02-28,10320.609
2012-02-27,10329.548
2012-02-24,10357.475
2012-02-23,10237.126
2012-02-22,10260.438
2012-02-21,10411.709
2012-02-17,10561.619
2012-02-16,10808.024
2012-02-15,10955.037
2012-02-14,10946.331
2012-02-13,10890.973
2012-02-10,10708.0625
2012-02-09,10526.629
2012-02-08,10415.062
2012-02-07,10402.838
2012-02-06,10360.58
2012-02-03,10319.715
2012-02-02,10270.463
2012-02-01,10181.743
2012-01-31,10055.648
2012-01-30,9946.293
2012-01-27,9873.089
2012-01-25,9694.558
2012-01-24,9646.087
2012-01-23,9681.22
2012-01-20,9718.719
2012-01-19,9616.367
2012-01-18,9495.496
2012-01-17,9296.963
2012-01-16,9081.333
2012-01-13,8958.42
2012-01-12,8875.337
2012-01-11,8848.444
2012-01-10,8831.114
2012-01-09,8783.607
2012-01-07,8698.855
2012-01-06,8535.157
2012-01-05,8393.897
2012-01-04,8331.196
2012-01-03,8309.462
2012-01-02,8290.352
2011-12-30,8249.909
2011-12-29,8084.56
2011-12-28,7924.9614
2011-12-27,7854.859
2011-12-26,7878.317
2011-12-23,7986.5366
2011-12-22,8116.3784
2011-12-21,8168.017
2011-12-20,8199.365
2011-12-19,8138.9224
2011-12-16,7923.4556
2011-12-15,7784.7705
2011-12-14,7833.047
2011-12-13,8039.022
2011-12-12,8252.256
2011-12-09,8391.234
2011-12-08,8432.942
2011-12-07,8523.988
2011-12-05,8643.344
2011-12-02,8828.396
2011-12-01,8967.905
2011-11-30,9036.877
2011-11-29,8952.572
2011-11-28,8726.113
2011-11-25,8567.347
2011-11-24,8570.827
2011-11-23,8522.673
2011-11-22,8462.428
2011-11-21,8390.971
2011-11-18,8419.656
2011-11-17,8449.884
2011-11-16,8573.209
2011-11-15,8708.873
2011-11-14,8838.575
2011-11-11,8920.508
2011-11-09,9022.854
2011-11-08,9102.011
2011-11-04,9257.442
2011-11-03,9483.495
2011-11-02,9642.98
2011-11-01,9695.709
2011-10-31,9692.9795
2011-10-28,9695.304
2011-10-26,9770.865
2011-10-25,9822.948
2011-10-24,9707.708
2011-10-21,9564.241
2011-10-20,9524.583
2011-10-19,9561.046
2011-10-18,9628.19
2011-10-17,9710.887
2011-10-14,9664.194
2011-10-13,9634.673
2011-10-12,9601.454
2011-10-11,9553.048
2011-10-10,9476.156
2011-10-07,9303.836
2011-10-05,9159.256
2011-10-04,9034.517
2011-10-03,8837.7
2011-09-30,8766.863
2011-09-29,8872.775
2011-09-28,9103.314
2011-09-27,9348.704
2011-09-26,9438.5
2011-09-23,9469.605
2011-09-22,9381.42
2011-09-21,9285.745
2011-09-20,9289.109
2011-09-19,9490.259
2011-09-16,9644.453
2011-09-15,9629.029
2011-09-14,9608.341
2011-09-13,9578.204
2011-09-12,9490.054
2011-09-09,9368.207
2011-09-08,9306.373
2011-09-07,9401.217
2011-09-06,9607.749
2011-09-05,9744.659
2011-09-02,9717.46
2011-08-30,9621.324
2011-08-29,9529.646
2011-08-26,9462.782
2011-08-25,9362.341
2011-08-24,9150.574
2011-08-23,9056.496
2011-08-22,9104.675
2011-08-19,9242.3125
2011-08-18,9319.921
2011-08-17,9334.526
2011-08-16,9390.757
2011-08-12,9574.148
2011-08-11,9771.801
2011-08-10,9941.69
2011-08-09,10093.588
2011-08-08,10229.664
2011-08-05,10210.531
2011-08-04,10161.113
2011-08-03,10177.642
2011-08-02,10290.714
2011-08-01,10438.3955
2011-07-29,10580.148
2011-07-28,10737.862
2011-07-27,10822.927
2011-07-26,10823.729
2011-07-25,10862.396
2011-07-22,10949.642
2011-07-21,11129.031
2011-07-20,11234.6
2011-07-19,11177.344
2011-07-18,11128.448
2011-07-15,11165.902
2011-07-14,11192.14
2011-07-13,11205.237
2011-07-12,11219.184
2011-07-11,11181.557
2011-07-08,11093.494
2011-07-07,11064.908
2011-07-06,11127.692
2011-07-05,11250.87
2011-07-04,11288.22
2011-07-01,11320.605
2011-06-30,11328.433
2011-06-29,11276.968
2011-06-28,11221.377
2011-06-27,11154.626
2011-06-24,11074.162
2011-06-23,11013.194
2011-06-22,10916.33
2011-06-21,10718.553
2011-06-20,10540.565
2011-06-17,10434.817
2011-06-16,10404.715
2011-06-15,10451.864
2011-06-14,10491.417
2011-06-13,10524.556
2011-06-10,10604.145
2011-06-09,10633.802
2011-06-08,10629.117
2011-06-07,10641.696
2011-06-06,10660.973
2011-06-03,10708.53
2011-06-02,10743.044
2011-06-01,10732.987
2011-05-31,10734.4
2011-05-30,10816.981
2011-05-27,10894.801
2011-05-26,10848.57
2011-05-25,10752.817
2011-05-24,10585.039
2011-05-23,10418.068
2011-05-20,10347.55
2011-05-19,10320.051
2011-05-18,10427.127
2011-05-17,10496.576
2011-05-16,10530.861
2011-05-13,10560.595
2011-05-12,10667.793
2011-05-11,10802.481
2011-05-10,10841.516
2011-05-09,10894.28
2011-05-06,10917.054
2011-05-05,10948.726
2011-05-04,11001.913
2011-05-03,10888.175
2011-05-02,10828.968
2011-04-29,10815.148
2011-04-28,10956.973
2011-04-27,11191.647
2011-04-26,11438.876
2011-04-25,11623.4
2011-04-21,11743.004
2011-04-20,11798.615
2011-04-19,11820.941
2011-04-18,11792.1875
2011-04-15,11684.687
2011-04-13,11580.054
2011-04-11,11599.356
2011-04-08,11699.848
2011-04-07,11695.361
2011-04-06,11677.14
2011-04-05,11691.486
2011-04-04,11702.043
2011-04-01,11730.948
2011-03-31,11755.644
2011-03-30,11685.949
2011-03-29,11651.278
2011-03-28,11668.247
2011-03-25,11627.691
2011-03-24,11557.186
2011-03-23,11452.027
2011-03-22,11255.721
2011-03-21,11060.756
2011-03-18,10874.03
2011-03-17,10744.461
2011-03-16,10680.81
2011-03-15,10711.826
2011-03-14,10797.683
2011-03-11,10772.278
2011-03-10,10770.628
2011-03-09,10719.441
2011-03-08,10709.788
2011-03-07,10768.072
2011-03-04,10812.133
2011-03-03,10775.402
2011-03-01,10792.588
2011-02-28,10808.582
2011-02-25,10807.986
2011-02-24,10632.685
2011-02-23,10463.542
2011-02-22,10285.139
2011-02-21,10341.037
2011-02-18,10535.88
2011-02-17,10777.912
2011-02-16,10893.526
2011-02-15,10979.977
2011-02-14,10956.989
2011-02-11,10905.49
2011-02-10,10811.629
2011-02-09,10611.173
2011-02-08,10314.516
2011-02-07,10120.657
2011-02-04,10058.264
2011-02-03,10155.965
2011-02-02,10285.223
2011-02-01,10452.423
2011-01-31,10482.123
2011-01-28,10445.9
2011-01-27,10461.432
2011-01-25,10469.6
2011-01-24,10510.236
2011-01-21,10624.007
2011-01-20,10827.287
2011-01-19,10883.518
2011-01-18,10826.827
2011-01-17,10687.061
2011-01-14,10580.827
2011-01-13,10481.142
2011-01-12,10411.875
2011-01-11,10489.719
2011-01-10,10746.6875
2011-01-07,10849.639
2011-01-06,10793.949
2011-01-05,10835.007
2011-01-04,10952.228
2011-01-03,11097.118
2010-12-31,11292.665
2010-12-30,11541.069
2010-12-29,11686.292
2010-12-28,11675.092
2010-12-27,11611.192
2010-12-24,11493.85
2010-12-23,11429.205
2010-12-22,11419.836
2010-12-21,11433.998
2010-12-20,11449.458
2010-12-16,11483.072
2010-12-15,11404.719
2010-12-14,11372.156
2010-12-13,11283.812
2010-12-10,11345.663
2010-12-09,11422.406
2010-12-08,11440.977
2010-12-07,11300.778
2010-12-06,11286.905
2010-12-03,11419.53
2010-12-02,11687.773
2010-12-01,12008.162
2010-11-30,12261.144
2010-11-29,12323.913
2010-11-26,12159.423
2010-11-25,11940.949
2010-11-24,11744.6
2010-11-23,11639.568
2010-11-22,11687.861
2010-11-19,11911.482
2010-11-18,12173.903
2010-11-16,12210.199
2010-11-15,12237.545
2010-11-12,12334.437
2010-11-11,12512.5205
2010-11-10,12534.193
2010-11-09,12629.471
2010-11-08,12790.978
2010-11-05,12959.125
2010-11-04,13057.993
2010-11-03,13157.482
2010-11-02,13190.563
2010-11-01,13080.154
2010-10-29,12921.588
2010-10-28,12803.375
2010-10-27,12598.966
2010-10-26,12358.631
2010-10-25,12229.99
2010-10-22,12248.566
2010-10-21,12340.637
2010-10-20,12395.014
2010-10-19,12421.204
2010-10-18,12320.728
2010-10-15,12235.879
2010-10-14,12224.718
2010-10-13,12251.062
2010-10-12,12374.828
2010-10-11,12538.983
2010-10-08,12540.708
2010-10-07,12499.599
2010-10-06,12449.646
2010-10-05,12446.095
2010-10-04,12501.0
2010-10-01,12544.957
2010-09-30,12588.077
2010-09-29,12578.455
2010-09-28,12481.62
2010-09-27,12344.657
2010-09-24,12264.567
2010-09-23,12232.811
2010-09-22,12234.103
2010-09-21,12198.874
2010-09-20,12220.545
2010-09-17,12229.13
2010-09-16,12227.767
2010-09-15,12164.982
2010-09-14,12075.732
2010-09-13,11996.17
2010-09-09,11930.101
2010-09-08,11873.651
2010-09-07,11679.8
2010-09-06,11412.266
2010-09-03,11225.728
2010-09-02,11153.816
2010-09-01,11061.994
2010-08-31,10986.046
2010-08-30,10901.071
2010-08-27,10789.11
2010-08-26,10706.372
2010-08-25,10656.142
2010-08-24,10730.177
2010-08-23,10800.566
2010-08-20,10875.011
2010-08-19,10938.55
2010-08-18,10948.645
2010-08-17,10965.494
2010-08-16,10900.409
2010-08-13,10787.401
2010-08-12,10673.331
2010-08-11,10630.965
2010-08-10,10577.009
2010-08-09,10480.193
2010-08-06,10439.1
2010-08-05,10436.346
2010-08-04,10392.48
2010-08-03,10373.388
2010-08-02,10382.325
2010-07-30,10400.596
2010-07-29,10377.762
2010-07-28,10251.715
2010-07-27,10143.849
2010-07-26,10046.286
2010-07-23,9999.94
2010-07-22,9965.104
2010-07-21,9971.653
2010-07-20,9975.474
2010-07-19,9947.165
2010-07-16,9909.358
2010-07-15,9903.628
2010-07-14,9904.769
2010-07-13,9876.034
2010-07-12,9855.929
2010-07-09,9838.205
2010-07-08,9797.853
2010-07-07,9713.244
2010-07-06,9590.5
2010-07-05,9458.913
2010-07-02,9415.429
2010-07-01,9359.839
2010-06-30,9306.684
2010-06-29,9269.428
2010-06-28,9293.272
2010-06-25,9296.141
2010-06-24,9346.153
2010-06-23,9357.86
2010-06-22,9431.879
2010-06-21,9517.79
2010-06-18,9556.642
2010-06-17,9593.913
2010-06-16,9550.206
2010-06-15,9510.164
2010-06-14,9483.505
2010-06-11,9462.844
2010-06-10,9446.823
2010-06-09,9408.684
2010-06-08,9337.565
2010-06-07,9241.452
2010-06-04,9154.191
2010-06-03,9145.071
2010-06-02,9229.351
2010-06-01,9285.391
2010-05-31,9228.6045
2010-05-28,9121.017
2010-05-27,9130.557
2010-05-26,9163.68
2010-05-25,9169.308
2010-05-24,9073.125
2010-05-21,8909.704
2010-05-20,8876.531
2010-05-19,8927.318
2010-05-18,9001.237
2010-05-17,9024.86
2010-05-14,9161.52
2010-05-13,9299.853
2010-05-12,9404.452
2010-05-11,9524.4795
2010-05-10,9586.214
2010-05-07,9568.201
2010-05-06,9544.366
2010-05-05,9391.767
2010-05-04,9371.383
2010-05-03,9416.838
2010-04-30,9484.526
2010-04-29,9588.783
2010-04-28,9699.078
2010-04-27,9740.106
2010-04-26,9673.607
2010-04-23,9640.724
2010-04-22,9669.728
2010-04-21,9702.554
2010-04-20,9651.159
2010-04-19,9562.115
2010-04-16,9454.925
2010-04-15,9330.723
2010-04-13,9268.597
2010-04-12,9250.431
2010-04-09,9304.347
2010-04-08,9394.218
2010-04-07,9486.582
2010-04-06,9486.712
2010-04-05,9510.059
2010-04-01,9552.863
2010-03-31,9575.888
2010-03-30,9511.25
2010-03-29,9423.026
2010-03-26,9369.386
2010-03-25,9371.27
2010-03-23,9370.857
2010-03-22,9315.889
2010-03-19,9224.669
2010-03-18,9142.45
2010-03-17,9128.062
2010-03-16,9137.008
2010-03-15,9123.366
2010-03-12,9070.751
2010-03-11,9015.567
2010-03-10,9013.65
2010-03-09,9037.205
2010-03-08,9033.069
2010-03-05,9024.869
2010-03-04,9020.893
2010-03-03,8979.421
2010-03-02,8930.699
2010-02-26,8909.402
2010-02-25,8863.526
2010-02-24,8750.737
2010-02-23,8587.559
2010-02-22,8458.372
2010-02-19,8397.344
2010-02-18,8376.995
2010-02-17,8372.99
2010-02-16,8404.103
2010-02-15,8423.255
2010-02-11,8367.927
2010-02-10,8271.605
2010-02-09,8224.3
2010-02-08,8181.567
2010-02-06,8194.964
2010-02-05,8204.951
2010-02-04,8182.0527
2010-02-03,8134.9155
2010-02-02,8190.7227
2010-02-01,8325.6
2010-01-29,8373.152
2010-01-28,8433.786
2010-01-27,8478.678
2010-01-25,8415.82
2010-01-22,8304.045
2010-01-21,8361.604
2010-01-20,8495.201
2010-01-19,8658.035
2010-01-18,8843.086
2010-01-15,8965.453
2010-01-14,8999.336
2010-01-13,8921.364
2010-01-12,8838.136
2010-01-11,8799.961
2010-01-08,8821.599
2010-01-07,8930.303
2010-01-06,9023.178
2010-01-05,9081.846
2010-01-04,9114.303
2009-12-31,9112.762
2009-12-30,9070.148
2009-12-29,8999.635
2009-12-24,8935.71
2009-12-23,8900.442
2009-12-22,8881.228
2009-12-21,8855.549
2009-12-18,8757.374
2009-12-17,8629.373
2009-12-16,8536.657
2009-12-15,8529.819
2009-12-14,8544.153
2009-12-11,8580.332
2009-12-10,8704.728
2009-12-09,8847.596
2009-12-08,8977.017
2009-12-07,9025.515
2009-12-04,9079.202
2009-12-03,9075.367
2009-12-02,9081.816
2009-12-01,9133.703
2009-11-30,9180.023
2009-11-27,9179.381
2009-11-26,9086.727
2009-11-25,8960.728
2009-11-24,8922.652
2009-11-23,9024.999
2009-11-20,9117.279
2009-11-19,9172.897
2009-11-18,9168.486
2009-11-17,9075.194
2009-11-16,9054.973
2009-11-13,9102.619
2009-11-12,9143.947
2009-11-11,9122.263
2009-11-10,9057.447
2009-11-09,9098.53
2009-11-06,9105.815
2009-11-05,9078.913
2009-11-04,8893.741
2009-11-03,8651.872
2009-10-30,8476.595
2009-10-29,8303.813
2009-10-28,8265.649
2009-10-27,8282.174
2009-10-26,8375.758
2009-10-23,8486.923
2009-10-22,8678.744
2009-10-21,8878.454
2009-10-20,8960.179
2009-10-17,9033.246
2009-10-16,9157.213
2009-10-15,9271.822
2009-10-14,9347.571
2009-10-12,9298.008
2009-10-09,9172.528
2009-10-08,9007.525
2009-10-07,8800.595
2009-10-06,8716.471
2009-10-05,8683.489
2009-10-01,8700.337
2009-09-30,8667.904
2009-09-29,8697.07
2009-09-25,8715.417
2009-09-24,8594.041
2009-09-23,8451.503
2009-09-22,8391.778
2009-09-18,8341.758
2009-09-17,8322.164
2009-09-16,8291.501
2009-09-15,8285.394
2009-09-14,8262.227
2009-09-11,8181.827
2009-09-10,8025.4976
2009-09-09,7875.799
2009-09-08,7757.054
2009-09-07,7677.0513
2009-09-04,7619.109
2009-09-03,7563.2017
2009-09-02,7448.319
2009-09-01,7317.125
2009-08-31,7225.272
2009-08-28,7196.886
2009-08-27,7220.943
2009-08-26,7269.786
2009-08-25,7267.643
2009-08-24,7255.237
2009-08-21,7245.911
2009-08-20,7273.0835
2009-08-19,7255.635
2009-08-18,7184.463
2009-08-17,7065.031
2009-08-14,7014.767
2009-08-13,6975.985
2009-08-12,7073.825
2009-08-11,7205.1855
2009-08-10,7179.777
2009-08-07,7117.802
2009-08-06,7047.8438
2009-08-05,7038.727
2009-08-04,7142.2207
2009-08-03,7298.8237
2009-07-31,7414.4365
2009-07-30,7478.081
2009-07-29,7458.002
2009-07-28,7358.9727
2009-07-27,7212.1924
2009-07-24,7143.926
2009-07-23,7170.0483
2009-07-22,7217.042
2009-07-21,7282.7905
2009-07-20,7272.6133
2009-07-17,7271.962
2009-07-16,7313.2275
2009-07-15,7241.8525
2009-07-14,7034.4546
2009-07-13,6868.453
2009-07-10,6720.3477
2009-07-09,6552.8755
2009-07-08,6437.0815
2009-07-07,6440.6226
2009-07-06,6479.161
2009-07-03,6615.7847
2009-07-02,6726.912
2009-07-01,7009.112
2009-06-30,7180.001
2009-06-29,7255.213
2009-06-26,7224.8584
2009-06-25,7237.047
2009-06-24,7229.8633
2009-06-23,7121.404
2009-06-22,7017.108
2009-06-19,6956.7964
2009-06-18,6992.7856
2009-06-17,7049.8286
2009-06-16,7035.404
2009-06-15,6995.8643
2009-06-12,7033.867
2009-06-11,7014.2573
2009-06-10,6977.4346
2009-06-09,7011.4727
2009-06-08,7092.1924
2009-06-05,7099.0854
2009-06-04,6993.2026
2009-06-03,7024.3765
2009-06-02,7102.999
2009-06-01,7133.6733
2009-05-29,7161.9736
2009-05-28,7186.883
2009-05-27,7220.935
2009-05-26,7217.186
2009-05-25,7154.9604
2009-05-22,6960.7114
2009-05-21,6874.5034
2009-05-20,6858.8027
2009-05-19,6836.5884
2009-05-18,6895.1904
2009-05-15,7005.311
2009-05-14,6898.7646
2009-05-13,6347.2905
2009-05-12,5768.367
2009-05-11,5428.0127
2009-05-08,5340.625
2009-05-07,5286.7134
2009-05-06,5273.493
2009-05-05,5328.72
2009-05-04,5326.7
2009-04-29,5346.3286
2009-04-28,5326.3457
2009-04-27,5155.336
2009-04-24,4917.2124
2009-04-23,4843.7646
2009-04-22,4847.182
2009-04-21,4818.0415
2009-04-20,4726.234
2009-04-17,4659.6997
2009-04-16,4687.8154
2009-04-15,4759.2163
2009-04-13,4763.744
2009-04-09,4787.1445
2009-04-08,4724.144
2009-04-06,4565.7217
2009-04-02,4396.2236
2009-04-01,4296.2827
2009-03-31,4242.6104
2009-03-30,4146.8965
2009-03-27,4039.4834
2009-03-26,3931.4421
2009-03-25,4000.1858
2009-03-24,4064.1873
2009-03-23,4033.7112
2009-03-20,3929.3325
2009-03-19,3812.9744
2009-03-18,3645.464
2009-03-17,3550.0044
2009-03-16,3508.591
2009-03-13,3471.4138
2009-03-12,3480.4014
2009-03-09,3462.688
2009-03-06,3366.8904
2009-03-05,3237.5994
2009-03-04,3188.7974
2009-03-03,3188.4492
2009-03-02,3256.481
2009-02-27,3340.398
2009-02-26,3423.8726
2009-02-25,3536.6943
2009-02-24,3595.275
2009-02-20,3637.7498
2009-02-19,3648.418
2009-02-18,3666.7473
2009-02-17,3731.8801
2009-02-16,3800.5464
2009-02-13,3877.8245
2009-02-12,3999.9973
2009-02-11,4173.8804
2009-02-10,4264.809
2009-02-09,4301.147
2009-02-06,4310.717
2009-02-05,4290.5806
2009-02-04,4225.1025
2009-02-03,4135.179
2009-02-02,4080.6533
2009-01-30,4064.928
2009-01-29,4064.2114
2009-01-28,4148.0327
2009-01-27,4194.497
2009-01-23,4194.418
2009-01-22,4121.8477
2009-01-21,4005.2065
2009-01-20,3995.0676
2009-01-19,4018.8362
2009-01-16,4099.0083
2009-01-15,4219.172
2009-01-14,4318.941
2009-01-13,4332.8047
2009-01-12,4406.0947
2009-01-09,4444.5923
2009-01-07,4468.6143
2009-01-06,4558.3145
2009-01-05,4671.092
2009-01-02,4902.719
2009-01-01,5078.207
2008-12-31,5100.1533
2008-12-30,5027.678
2008-12-29,4912.4126
2008-12-26,4856.6196
2008-12-24,4812.6343
2008-12-23,4731.1953
2008-12-22,4719.2964
2008-12-19,4712.992
2008-12-18,4773.731
2008-12-17,4873.798
2008-12-16,4936.987
2008-12-15,4832.535
2008-12-12,4713.0635
2008-12-11,4596.718
2008-12-10,4509.5195
2008-12-08,4446.644
2008-12-05,4398.996
2008-12-04,4328.301
2008-12-03,4245.7495
2008-12-02,4221.4917
2008-12-01,4143.572
2008-11-28,4025.539
2008-11-26,3945.298
2008-11-25,3972.1602
2008-11-24,4019.4033
2008-11-21,3970.8872
2008-11-20,3940.7139
2008-11-19,3980.7021
2008-11-18,3952.9548
2008-11-17,3961.1848
2008-11-14,4023.9968
2008-11-12,4157.3716
2008-11-11,4330.172
2008-11-10,4459.878
2008-11-07,4594.8257
2008-11-06,4799.7744
2008-11-05,4874.531
2008-11-04,4832.8516
2008-11-03,4837.7095
2008-10-31,4906.2554
2008-10-29,4850.2666
2008-10-28,4638.5522
2008-10-27,4365.1543
2008-10-24,4194.19
2008-10-23,4051.8704
2008-10-22,4052.681
2008-10-21,4335.5513
2008-10-20,4669.3535
2008-10-17,4994.0283
2008-10-16,5128.281
2008-10-15,5093.4136
2008-10-14,5122.939
2008-10-13,5156.218
2008-10-10,5241.311
2008-10-08,5289.3086
2008-10-07,5100.261
2008-10-06,5002.8545
2008-10-03,5078.099
2008-10-01,5232.3384
2008-09-30,5439.5903
2008-09-29,5652.222
2008-09-26,5712.5913
2008-09-25,5589.897
2008-09-24,5557.05
2008-09-23,5675.7075
2008-09-22,5820.6724
2008-09-19,5888.0806
2008-09-18,5998.995
2008-09-17,6089.209
2008-09-16,6048.93
2008-09-15,5914.638
2008-09-12,5884.654
2008-09-11,5863.0347
2008-09-10,5926.041
2008-09-09,6048.43
2008-09-08,6177.756
2008-09-05,6259.9756
2008-09-04,6325.787
2008-09-02,6266.6636
2008-09-01,6260.7207
2008-08-29,6288.8804
2008-08-28,6178.944
2008-08-27,6048.7705
2008-08-26,5824.642
2008-08-25,5691.3735
2008-08-22,5692.9873
2008-08-21,5712.138
2008-08-20,5690.668
2008-08-19,5630.988
2008-08-18,5693.004
2008-08-14,5763.261
2008-08-13,5811.411
2008-08-12,5834.361
2008-08-11,5965.0576
2008-08-08,6132.571
2008-08-07,6333.9287
2008-08-06,6366.046
2008-08-05,6289.726
2008-08-04,6196.9233
2008-08-01,6160.0244
2008-07-31,6024.876
2008-07-30,5895.6
2008-07-29,5737.51
2008-07-28,5626.7563
2008-07-25,5466.9014
2008-07-24,5530.985
2008-07-23,5654.058
2008-07-22,5850.9263
2008-07-21,6038.6636
2008-07-18,5935.996
2008-07-17,5685.956
2008-07-16,5405.773
2008-07-15,5100.6274
2008-07-14,4795.604
2008-07-11,4653.0303
2008-07-10,4765.598
2008-07-09,4937.586
2008-07-08,5085.967
2008-07-07,5155.821
2008-07-04,5073.6455
2008-07-03,4951.447
2008-07-02,4834.8193
2008-07-01,4718.5557
2008-06-30,4715.348
2008-06-27,4650.983
2008-06-26,4693.8887
2008-06-25,4831.2544
2008-06-24,5060.424
2008-06-23,5219.3115
2008-06-20,5287.3525
2008-06-19,5333.7607
2008-06-18,5420.7896
2008-06-17,5569.692
2008-06-16,5779.639
2008-06-13,6018.144
2008-06-12,6064.8003
2008-06-11,5971.6416
2008-06-10,5873.5386
2008-06-09,5813.0293
2008-06-06,5739.6406
2008-06-05,5743.143
2008-06-04,5848.129
2008-06-03,5975.4746
2008-06-02,6019.032
2008-05-30,6078.509
2008-05-29,6137.97
2008-05-28,6261.924
2008-05-27,6359.4434
2008-05-26,6483.455
2008-05-23,6500.455
2008-05-22,6535.27
2008-05-21,6659.4536
2008-05-20,6824.761
2008-05-16,7026.5864
2008-05-15,7195.6562
2008-05-14,7356.2783
2008-05-13,7402.9683
2008-05-12,7323.3457
2008-05-09,7240.8076
2008-05-08,7195.572
2008-05-07,7176.6147
2008-05-06,7259.753
2008-05-05,7433.89
2008-05-02,7596.9375
2008-04-30,7699.8228
2008-04-29,7744.388
2008-04-28,7659.006
2008-04-25,7601.163
2008-04-24,7527.89
2008-04-23,7489.868
2008-04-22,7398.08
2008-04-21,7315.4497
2008-04-17,7322.4824
2008-04-16,7323.6665
2008-04-15,7219.1646
2008-04-11,7031.379
2008-04-10,6871.659
2008-04-09,6756.72
2008-04-08,6714.32
2008-04-07,6781.73
2008-04-04,6784.6196
2008-04-03,6741.319
2008-04-02,6586.472
2008-04-01,6522.7856
2008-03-31,6531.746
2008-03-28,6501.293
2008-03-27,6481.263
2008-03-26,6615.745
2008-03-25,6730.62
2008-03-24,6844.32
2008-03-19,6921.984
2008-03-18,6764.3345
2008-03-17,6514.6016
2008-03-14,6343.605
2008-03-13,6309.8545
2008-03-12,6550.3613
2008-03-11,6726.8438
2008-03-10,6957.566
2008-03-07,7120.4204
2008-03-05,7158.1743
2008-03-04,7133.684
2008-03-03,7222.374
2008-02-29,7383.607
2008-02-28,7628.9824
2008-02-27,8053.7354
2008-02-26,8349.399
2008-02-25,8518.617
2008-02-22,8588.688
2008-02-21,8576.542
2008-02-20,8558.076
2008-02-19,8655.742
2008-02-18,8837.456
2008-02-15,9093.284
2008-02-14,9268.55
2008-02-13,9333.45
2008-02-12,9238.012
2008-02-11,8984.1455
2008-02-08,8690.114
2008-02-07,8470.208
2008-02-06,8518.426
2008-02-05,8700.995
2008-02-04,8933.777
2008-02-01,9159.465
2008-01-31,9344.08
2008-01-30,9345.504
2008-01-29,9238.365
2008-01-28,9206.737
2008-01-25,9287.645
2008-01-24,9508.837
2008-01-23,9638.571
2008-01-22,9445.736
2008-01-21,9257.15
2008-01-18,8939.951
2008-01-17,8838.117
2008-01-16,9129.935
2008-01-15,9648.924
2008-01-14,10062.713
2008-01-11,10301.372
2008-01-10,10465.009
2008-01-09,10490.908
2008-01-08,10353.963
2008-01-07,10239.596
2008-01-04,10213.712
2008-01-03,10254.559
2008-01-02,10247.673
2008-01-01,10174.841
2007-12-31,10163.155
2007-12-28,10049.291
2007-12-27,9922.898
2007-12-26,9828.255
2007-12-24,9764.511
2007-12-20,9721.83
2007-12-19,9625.877
2007-12-18,9421.767
2007-12-17,9251.464
2007-12-14,9174.786
2007-12-13,9215.418
2007-12-12,9419.698
2007-12-11,9640.358
2007-12-10,9820.57
2007-12-07,9921.618
2007-12-06,9867.543
2007-12-05,9755.93
2007-12-04,9610.779
2007-12-03,9504.997
2007-11-30,9382.406
2007-11-29,9316.088
2007-11-28,9290.473
2007-11-27,9193.134
2007-11-26,9044.937
2007-11-23,8971.662
2007-11-22,8973.832
2007-11-21,8944.088
2007-11-20,8914.998
2007-11-19,8830.0625
2007-11-16,8922.979
2007-11-15,9091.082
2007-11-14,9244.162
2007-11-13,9318.627
2007-11-12,9392.996
2007-11-09,9233.117
2007-11-08,8938.239
2007-11-07,8720.24
2007-11-06,8671.083
2007-11-05,8788.717
2007-11-02,8965.691
2007-11-01,9154.222
2007-10-31,9326.562
2007-10-30,9283.286
2007-10-29,9104.919
2007-10-26,8923.77
2007-10-25,8847.142
2007-10-24,8751.251
2007-10-23,8564.013
2007-10-22,8339.577
2007-10-19,8141.524
2007-10-18,7830.234
2007-10-17,7538.5234
2007-10-16,7434.926
2007-10-15,7622.456
2007-10-12,7967.609
2007-10-11,8154.489
2007-10-10,8058.2817
2007-10-09,7973.4185
2007-10-08,7886.8276
2007-10-05,7788.585
2007-10-04,7628.5225
2007-10-03,7593.868
2007-10-01,7697.5347
2007-09-28,7835.108
2007-09-27,7884.6567
2007-09-26,7898.134
2007-09-25,7815.783
2007-09-24,7702.473
2007-09-21,7579.43
2007-09-20,7512.94
2007-09-19,7426.5586
2007-09-18,7337.0493
2007-09-17,7284.636
2007-09-14,7136.907
2007-09-13,6945.579
2007-09-12,6817.1763
2007-09-11,6759.1157
2007-09-10,6701.1846
2007-09-07,6670.686
2007-09-06,6677.7266
2007-09-05,6680.782
2007-09-04,6685.578
2007-09-03,6651.952
2007-08-31,6623.7607
2007-08-30,6598.9336
2007-08-29,6548.7915
2007-08-28,6470.4126
2007-08-27,6389.6865
2007-08-24,6332.517
2007-08-23,6302.6055
2007-08-22,6184.0986
2007-08-21,6043.619
2007-08-20,6002.4155
2007-08-17,6009.222
2007-08-16,6132.683
2007-08-14,6156.6187
2007-08-13,6148.1377
2007-08-10,6278.6626
2007-08-09,6404.5522
2007-08-08,6463.288
2007-08-07,6544.811
2007-08-06,6655.7183
2007-08-03,6683.742
2007-08-02,6670.9155
2007-08-01,6665.805
2007-07-31,6635.9697
2007-07-30,6566.7466
2007-07-27,6621.949
2007-07-26,6670.1445
2007-07-25,6644.9785
2007-07-24,6688.007
2007-07-23,6768.2524
2007-07-20,6856.39
2007-07-19,6911.1167
2007-07-18,6934.225
2007-07-17,6956.305
2007-07-16,6945.5244
2007-07-13,6917.8896
2007-07-12,6919.4424
2007-07-11,6888.509
2007-07-10,6833.288
2007-07-09,6746.046
2007-07-06,6688.83
2007-07-05,6686.1953
2007-07-04,6675.3115
2007-07-03,6671.9365
2007-07-02,6676.9873
2007-06-29,6688.488
2007-06-28,6643.687
2007-06-27,6601.0967
2007-06-26,6494.9565
2007-06-25,6390.9775
2007-06-22,6342.4644
2007-06-21,6345.1626
2007-06-20,6363.0327
2007-06-19,6373.7783
2007-06-18,6359.691
2007-06-15,6291.0796
2007-06-14,6155.8843
2007-06-13,6049.5815
2007-06-12,5978.2183
2007-06-11,5926.064
2007-06-08,5931.6963
2007-06-07,5959.0996
2007-06-06,5986.0576
2007-06-05,6020.6797
2007-06-04,6075.394
2007-06-01,6193.37
2007-05-31,6257.224
2007-05-30,6257.0615
2007-05-29,6204.6133
2007-05-28,6127.4634
2007-05-25,6097.1807
2007-05-24,6094.432
2007-05-23,6073.2495
2007-05-22,6056.059
2007-05-21,6084.92
2007-05-18,6137.561
2007-05-17,6189.647
2007-05-16,6181.6206
2007-05-15,6144.9634
2007-05-14,6063.469
2007-05-11,5928.3516
2007-05-10,5789.0615
2007-05-09,5643.306
2007-05-08,5538.0845
2007-05-07,5486.1387
2007-05-04,5433.5522
2007-05-03,5422.8687
2007-04-30,5444.984
2007-04-27,5479.3457
2007-04-26,5472.967
2007-04-25,5498.6577
2007-04-24,5573.937
2007-04-23,5636.162
2007-04-20,5641.7485
2007-04-19,5528.0854
2007-04-18,5433.266
2007-04-17,5368.0024
2007-04-16,5332.544
2007-04-13,5301.972
2007-04-12,5276.8394
2007-04-11,5235.3457
2007-04-10,5147.474
2007-04-09,5097.4854
2007-04-05,5100.0864
2007-04-04,5119.372
2007-04-03,5061.718
2007-04-02,4957.2705
2007-03-30,4862.054
2007-03-29,4795.2925
2007-03-28,4894.828
2007-03-26,5005.782
2007-03-23,5077.027
2007-03-22,5151.136
2007-03-21,5232.282
2007-03-20,5298.264
2007-03-19,5234.7188
2007-03-16,5072.287
2007-03-15,4902.687
2007-03-14,4771.772
2007-03-13,4737.46
2007-03-12,4782.1025
2007-03-09,4915.0786
2007-03-08,4998.1074
2007-03-07,5024.9424
2007-03-06,5028.1577
2007-03-05,4938.006
2007-03-02,4890.974
2007-03-01,4857.426
2007-02-28,4909.5117
2007-02-27,5038.5156
2007-02-26,5089.1943
2007-02-23,5169.4263
2007-02-22,5257.091
2007-02-21,5291.1685
2007-02-20,5356.945
2007-02-19,5476.2417
2007-02-15,5580.845
2007-02-14,5668.0767
2007-02-13,5688.7485
2007-02-12,5615.816
2007-02-09,5642.3022
2007-02-08,5735.9004
2007-02-07,5876.8438
2007-02-06,5989.1255
2007-02-05,6025.5957
2007-02-02,5995.0664
2007-02-01,5952.976
2007-01-31,5922.269
2007-01-29,5925.9087
2007-01-25,5882.6265
2007-01-24,5846.544
2007-01-23,5876.027
2007-01-22,5899.196
2007-01-19,5890.7026
2007-01-18,5932.5205
2007-01-17,5980.3843
2007-01-16,6011.0396
2007-01-15,6031.155
2007-01-12,6017.6636
2007-01-11,5999.69
2007-01-10,5986.1685
2007-01-09,5828.452
2007-01-08,5667.2188
2007-01-05,5628.9585
2007-01-04,5689.754
2007-01-03,5791.068
2007-01-02,5846.9443
2006-12-29,5880.9517
2006-12-28,5880.05
2006-12-27,5854.2188
2006-12-26,5837.3438
2006-12-22,5825.848
2006-12-21,5782.868
2006-12-20,5702.918
2006-12-19,5636.764
2006-12-18,5610.812
2006-12-15,5636.8174
2006-12-14,5724.9707
2006-12-13,5779.527
2006-12-12,5755.1694
2006-12-11,5660.5312
2006-12-08,5509.133
2006-12-07,5492.5435
2006-12-06,5704.3706
2006-12-05,5928.5645
2006-12-04,6043.453
2006-12-01,6074.7993
2006-11-30,6085.939
2006-11-29,6103.853
2006-11-28,6072.962
2006-11-27,6012.885
2006-11-24,5968.186
2006-11-23,5979.1997
2006-11-22,5992.613
2006-11-21,6001.8984
2006-11-20,5990.733
2006-11-17,5962.5845
2006-11-16,5909.0273
2006-11-15,5908.4224
2006-11-14,5949.455
2006-11-13,5931.71
2006-11-10,5826.245
2006-11-09,5713.9224
2006-11-08,5628.7686
2006-11-07,5550.003
2006-11-06,5478.485
2006-11-03,5414.9385
2006-11-02,5386.2344
2006-11-01,5398.3096
2006-10-31,5434.5166
2006-10-30,5448.5093
2006-10-27,5431.698
2006-10-26,5422.1294
2006-10-23,5389.205
2006-10-21,5328.4175
2006-10-20,5202.553
2006-10-19,5131.02
2006-10-18,5114.551
2006-10-17,5125.59
2006-10-16,5166.8315
2006-10-13,5195.1553
2006-10-12,5208.015
2006-10-11,5172.523
2006-10-10,5119.994
2006-10-09,5059.263
2006-10-06,5044.2876
2006-10-05,5062.5576
2006-10-04,5092.5483
2006-10-03,5122.504
2006-09-29,5089.8315
2006-09-28,5068.4316
2006-09-27,5065.89
2006-09-26,5091.336
2006-09-25,5042.1294
2006-09-22,4958.679
2006-09-21,4854.9453
2006-09-20,4779.739
2006-09-19,4760.234
2006-09-18,4741.7764
2006-09-15,4724.0786
2006-09-14,4723.7607
2006-09-13,4721.771
2006-09-12,4713.009
2006-09-11,4676.409
2006-09-08,4570.8594
2006-09-07,4441.447
2006-09-06,4403.0117
2006-09-05,4412.402
2006-09-04,4449.7637
2006-09-01,4485.9995
2006-08-31,4500.6465
2006-08-30,4482.0312
2006-08-29,4436.4775
2006-08-28,4399.6743
2006-08-25,4369.8237
2006-08-24,4342.314
2006-08-23,4314.4785
2006-08-22,4272.4946
2006-08-21,4228.765
2006-08-18,4221.6665
2006-08-17,4230.128
2006-08-16,4211.082
2006-08-14,4202.0776
2006-08-11,4208.744
2006-08-10,4179.543
2006-08-09,4144.9863
2006-08-08,4139.4272
2006-08-07,4132.3833
2006-08-04,4103.1987
2006-08-03,4027.539
2006-08-02,3938.6182
2006-08-01,3911.7637
2006-07-31,3899.8499
2006-07-28,3878.9272
2006-07-27,3870.7732
2006-07-26,3848.681
2006-07-25,3799.2642
2006-07-24,3739.858
2006-07-21,3689.5469
2006-07-20,3604.784
2006-07-19,3474.8557
2006-07-18,3399.266
2006-07-17,3310.8682
2006-07-14,3265.333
2006-07-13,3269.7468
2006-07-12,3329.4697
2006-07-11,3400.46
2006-07-10,3446.5564
2006-07-07,3461.4788
2006-07-06,3467.292
2006-07-05,3466.9634
2006-07-04,3486.963
2006-07-03,3532.7368
2006-06-30,3554.686
2006-06-29,3538.1665
2006-06-28,3511.1465
2006-06-27,3451.813
2006-06-26,3409.8064
2006-06-25,3419.2988
2006-06-23,3447.5312
2006-06-22,3510.112
2006-06-21,3564.8052
2006-06-20,3602.8342
2006-06-19,3565.2751
2006-06-16,3503.5916
2006-06-15,3492.9312
2006-06-14,3515.939
2006-06-13,3502.714
2006-06-12,3410.246
2006-06-09,3347.0386
2006-06-08,3371.1736
2006-06-07,3477.8552
2006-06-06,3525.8816
2006-06-05,3622.5933
2006-06-02,3744.229
2006-06-01,3822.368
2006-05-31,3892.2297
2006-05-30,3896.5752
2006-05-29,3893.924
2006-05-26,3950.655
2006-05-25,4036.2026
2006-05-24,4096.0137
2006-05-23,4103.9697
2006-05-22,4099.378
2006-05-19,4106.7075
2006-05-18,4077.654
2006-05-17,4089.1252
2006-05-16,4191.7974
2006-05-15,4406.6587
2006-05-12,4516.127
2006-05-11,4546.8447
2006-05-10,4595.6377
2006-05-09,4681.369
2006-05-08,4771.6
2006-05-05,4780.595
2006-05-04,4741.7783
2006-05-03,4704.8
2006-05-02,4709.416
2006-04-29,4710.957
2006-04-28,4654.5454
2006-04-27,4530.783
2006-04-26,4388.17
2006-04-25,4294.7524
2006-04-24,4280.4526
2006-04-21,4283.2266
2006-04-20,4309.541
2006-04-19,4357.636
2006-04-18,4401.034
2006-04-17,4420.2183
2006-04-13,4424.859
2006-04-12,4394.9243
2006-04-10,4328.625
2006-04-07,4315.876
2006-04-05,4374.2056
2006-04-04,4448.0054
2006-04-03,4554.866
2006-03-31,4614.092
2006-03-30,4593.154
2006-03-29,4527.7485
2006-03-28,4466.2964
2006-03-27,4450.296
2006-03-24,4453.563
2006-03-23,4478.554
2006-03-22,4487.0063
2006-03-21,4470.5854
2006-03-20,4443.4634
2006-03-17,4443.106
2006-03-16,4470.6543
2006-03-14,4494.804
2006-03-13,4510.061
2006-03-10,4506.779
2006-03-09,4489.315
2006-03-08,4469.892
2006-03-07,4432.6157
2006-03-06,4391.478
2006-03-03,4390.272
2006-03-02,4410.224
2006-03-01,4425.344
2006-02-28,4443.0225
2006-02-27,4422.909
2006-02-24,4397.416
2006-02-23,4373.576
2006-02-22,4337.062
2006-02-21,4271.8
2006-02-20,4242.125
2006-02-17,4244.174
2006-02-16,4250.156
2006-02-15,4254.3433
2006-02-14,4290.132
2006-02-13,4311.3345
2006-02-10,4325.7075
2006-02-08,4357.893
2006-02-07,4374.017
2006-02-06,4370.7666
2006-02-03,4367.5103
2006-02-02,4331.3823
2006-02-01,4266.5444
2006-01-31,4233.626
2006-01-30,4243.882
2006-01-27,4316.4785
2006-01-25,4377.6733
2006-01-24,4431.516
2006-01-23,4396.5703
2006-01-20,4339.08
2006-01-19,4298.0366
2006-01-18,4288.387
2006-01-17,4288.0986
2006-01-16,4273.459
2006-01-13,4281.1914
2006-01-12,4314.585
2006-01-10,4360.339
2006-01-09,4403.72
2006-01-06,4425.7896
2006-01-05,4455.263
2006-01-04,4499.39
2006-01-03,4534.5703
2006-01-02,4528.4395
2005-12-30,4474.9146
2005-12-29,4409.894
2005-12-28,4360.6675
2005-12-27,4304.4946
2005-12-26,4272.1357
2005-12-23,4261.0156
2005-12-22,4217.575
2005-12-21,4225.744
2005-12-20,4269.614
2005-12-19,4303.0176
2005-12-16,4341.0303
2005-12-15,4371.06
2005-12-14,4357.215
2005-12-13,4289.327
2005-12-12,4270.5493
2005-12-09,4248.232
2005-12-08,4209.8105
2005-12-07,4161.022
2005-12-06,4109.9854
2005-12-05,4081.712
2005-12-02,4055.653
2005-12-01,4054.0103
2005-11-30,4088.2979
2005-11-29,4118.593
2005-11-28,4118.6274
2005-11-26,4123.8887
2005-11-25,4151.435
2005-11-24,4165.116
2005-11-23,4164.832
2005-11-22,4141.6704
2005-11-21,4098.394
2005-11-18,4039.891
2005-11-17,4022.386
2005-11-16,4064.0928
2005-11-14,4124.699
2005-11-11,4143.759
2005-11-10,4115.151
2005-11-09,4044.3262
2005-11-08,3955.0493
2005-11-07,3900.2544
2005-11-02,3875.2495
2005-11-01,3854.4805
2005-10-31,3834.7244
2005-10-28,3825.0813
2005-10-27,3813.4673
2005-10-26,3756.5552
2005-10-25,3727.3828
2005-10-24,3789.0842
2005-10-21,3858.578
2005-10-20,3873.6494
2005-10-19,3890.1992
2005-10-18,3881.9417
2005-10-17,3895.6213
2005-10-14,3944.416
2005-10-13,4003.0225
2005-10-11,4043.8594
2005-10-10,4105.2036
2005-10-07,4188.987
2005-10-06,4205.865
2005-10-05,4206.6694
2005-10-04,4223.422
2005-10-03,4293.548
2005-09-30,4393.1465
2005-09-29,4439.223
2005-09-28,4445.9653
2005-09-27,4428.886
2005-09-26,4413.579
2005-09-23,4387.4795
2005-09-22,4345.5444
2005-09-21,4282.1333
2005-09-20,4243.9976
2005-09-19,4285.99
2005-09-16,4358.0254
2005-09-15,4382.1377
2005-09-14,4354.795
2005-09-13,4305.0483
2005-09-12,4256.617
2005-09-09,4222.2944
2005-09-08,4190.4683
2005-09-06,4153.1934
2005-09-05,4093.3186
2005-09-02,4027.3794
2005-09-01,3969.5989
2005-08-31,3921.8904
2005-08-30,3885.9526
2005-08-29,3865.842
2005-08-26,3851.513
2005-08-25,3818.3906
2005-08-24,3811.16
2005-08-23,3814.4421
2005-08-22,3809.946
2005-08-19,3810.804
2005-08-18,3841.5278
2005-08-17,3894.6252
2005-08-16,3952.719
2005-08-12,3990.1763
2005-08-11,4000.8398
2005-08-10,4017.0276
2005-08-09,4032.417
2005-08-08,4024.132
2005-08-05,3973.7634
2005-08-04,3931.1196
2005-08-03,3970.259
2005-08-02,4035.2048
2005-08-01,4089.7944
2005-07-29,4118.7554
2005-07-27,4131.7446
2005-07-26,4143.4214
2005-07-25,4127.764
2005-07-22,4068.207
2005-07-21,3985.0398
2005-07-20,3869.6143
2005-07-19,3750.3403
2005-07-18,3693.016
2005-07-15,3677.0916
2005-07-14,3669.5488
2005-07-13,3658.2146
2005-07-12,3648.3845
2005-07-11,3660.4062
2005-07-08,3671.867
2005-07-07,3658.5613
2005-07-06,3612.2688
2005-07-05,3552.105
2005-07-04,3525.0315
2005-07-01,3501.4531
2005-06-30,3494.9448
2005-06-29,3481.5571
2005-06-28,3454.683
2005-06-27,3413.3809
2005-06-24,3371.747
2005-06-23,3360.682
2005-06-22,3366.8433
2005-06-21,3380.1216
2005-06-20,3371.452
2005-06-17,3362.4583
2005-06-16,3340.0361
2005-06-15,3344.6067
2005-06-14,3367.12
2005-06-13,3411.4126
2005-06-10,3448.6355
2005-06-09,3450.4197
